ward_id,ward_name,province_id
10105001,Phường Hoàn Kiếm,101
10105002,Phường Cửa Nam,101
10101003,Phường Ba Đình,101
10101004,Phường Ngọc Hà,101
10101005,Phường Giảng Võ,101
10107006,Phường Hai Bà Trưng,101
10107007,Phường Vĩnh Tuy,101
10107008,Phường Bạch Mai,101
10109009,Phường Đống Đa,101
10109010,Phường Kim Liên,101
10109011,Phường Văn Miếu - Quốc Tử Giám,101
10109012,Phường Láng,101
10109013,Phường Ô Chợ Dừa,101
10103014,Phường Hồng Hà,101
10108015,Phường Lĩnh Nam,101
10108016,Phường Hoàng Mai,101
10108017,Phường Vĩnh Hưng,101
10108018,Phường Tương Mai,101
10108019,Phường Định Công,101
10123020,Phường Hoàng Liệt,101
10108021,Phường Yên Sở,101
10111022,Phường Thanh Xuân,101
10111023,Phường Khương Đình,101
10111024,Phường Phương Liệt,101
10113025,Phường Cầu Giấy,101
10113026,Phường Nghĩa Đô,101
10113027,Phường Yên Hoà,101
10103028,Phường Tây Hồ,101
10157029,Phường Phú Thượng,101
10157030,Phường Tây Tựu,101
10157031,Phường Phú Diễn,101
10157032,Phường Xuân Đỉnh,101
10157033,Phường Đông Ngạc,101
10157034,Phường Thượng Cát,101
10155035,Phường Từ Liêm,101
10155036,Phường Xuân Phương,101
10155037,Phường Tây Mỗ,101
10155038,Phường Đại Mỗ,101
10106039,Phường Long Biên,101
10106040,Phường Bồ Đề,101
10106041,Phường Việt Hưng,101
10106042,Phường Phúc Lợi,101
10127043,Phường Hà Đông,101
10127044,Phường Dương Nội,101
10127045,Phường Yên Nghĩa,101
10127046,Phường Phú Lương,101
10127047,Phường Kiến Hưng,101
10123048,Xã Thanh Trì,101
10123049,Xã Đại Thanh,101
10123050,Xã Nam Phù,101
10123051,Xã Ngọc Hồi,101
10123052,Phường Thanh Liệt,101
10143053,Xã Thượng Phúc,101
10143054,Xã Thường Tín,101
10143055,Xã Chương Dương,101
10143056,Xã Hồng Vân,101
10149057,Xã Phú Xuyên,101
10149058,Xã Phượng Dực,101
10149059,Xã Chuyên Mỹ,101
10149060,Xã Đại Xuyên,101
10141061,Xã Thanh Oai,101
10141062,Xã Bình Minh,101
10141063,Xã Tam Hưng,101
10141064,Xã Dân Hoà,101
10147065,Xã Vân Đình,101
10147066,Xã Ứng Thiên,101
10147067,Xã Hoà Xá,101
10147068,Xã Ứng Hoà,101
10145069,Xã Mỹ Đức,101
10145070,Xã Hồng Sơn,101
10145071,Xã Phúc Sơn,101
10145072,Xã Hương Sơn,101
10153073,Phường Chương Mỹ,101
10153074,Xã Phú Nghĩa,101
10153075,Xã Xuân Mai,101
10153076,Xã Trần Phú,101
10153077,Xã Hoà Phú,101
10153078,Xã Quảng Bị,101
10151079,Xã Minh Châu,101
10151080,Xã Quảng Oai,101
10151081,Xã Vật Lại,101
10151082,Xã Cổ Đô,101
10151083,Xã Bất Bạt,101
10151084,Xã Suối Hai,101
10151085,Xã Ba Vì,101
10151086,Xã Yên Bài,101
10129087,Phường Sơn Tây,101
10129088,Phường Tùng Thiện,101
10129089,Xã Đoài Phương,101
10131090,Xã Phúc Thọ,101
10131091,Xã Phúc Lộc,101
10131092,Xã Hát Môn,101
10135093,Xã Thạch Thất,101
10135094,Xã Hạ Bằng,101
10135095,Xã Tây Phương,101
10135096,Xã Hoà Lạc,101
10135097,Xã Yên Xuân,101
10139098,Xã Quốc Oai,101
10139099,Xã Hưng Đạo,101
10139100,Xã Kiều Phú,101
10139101,Xã Phú Cát,101
10137102,Xã Hoài Đức,101
10137103,Xã Dương Hoà,101
10137104,Xã Sơn Đồng,101
10137105,Xã An Khánh,101
10133106,Xã Đan Phượng,101
10133107,Xã Ô Diên,101
10133108,Xã Liên Minh,101
10119109,Xã Gia Lâm,101
10119110,Xã Thuận An,101
10119111,Xã Bát Tràng,101
10119112,Xã Phù Đổng,101
10117113,Xã Thư Lâm,101
10117114,Xã Đông Anh,101
10117115,Xã Phúc Thịnh,101
10117116,Xã Thiên Lộc,101
10117117,Xã Vĩnh Thanh,101
10125118,Xã Mê Linh,101
10125119,Xã Yên Lãng,101
10125120,Xã Tiến Thắng,101
10125121,Xã Quang Minh,101
10115122,Xã Sóc Sơn,101
10115123,Xã Đa Phúc,101
10115124,Xã Nội Bài,101
10115125,Xã Trung Giã,101
10115126,Xã Kim Anh,101
22113001,Xã Đại Sơn,223
22113002,Xã Sơn Động,223
22113003,Xã Tây Yên Tử,223
22113004,Xã Dương Hưu,223
22113005,Xã Yên Định,223
22113006,Xã An Lạc,223
22113007,Xã Vân Sơn,223
22107008,Xã Biển Động,223
22107009,Xã Lục Ngạn,223
22107010,Xã Đèo Gia,223
22107011,Xã Sơn Hải,223
22107012,Xã Tân Sơn,223
22107013,Xã Biên Sơn,223
22107014,Xã Sa Lý,223
22107015,Xã Nam Dương,223
22121016,Xã Kiên Lao,223
22121017,Phường Chũ,223
22121018,Phường Phượng Sơn,223
22115019,Xã Lục Sơn,223
22115020,Xã Trường Sơn,223
22115021,Xã Cẩm Lý,223
22115022,Xã Đông Phú,223
22115023,Xã Nghĩa Phương,223
22115024,Xã Lục Nam,223
22115025,Xã Bắc Lũng,223
22115026,Xã Bảo Đài,223
22111027,Xã Lạng Giang,223
22111028,Xã Mỹ Thái,223
22111029,Xã Kép,223
22111030,Xã Tân Dĩnh,223
22111031,Xã Tiên Lục,223
22103032,Xã Yên Thế,223
22103033,Xã Bố Hạ,223
22103034,Xã Đồng Kỳ,223
22103035,Xã Xuân Lương,223
22103036,Xã Tam Tiến,223
22105037,Xã Tân Yên,223
22105038,Xã Ngọc Thiện,223
22105039,Xã Nhã Nam,223
22105040,Xã Phúc Hoà,223
22105041,Xã Quang Trung,223
22109042,Xã Hợp Thịnh,223
22109043,Xã Hiệp Hoà,223
22109044,Xã Hoàng Vân,223
22109045,Xã Xuân Cẩm,223
22117046,Phường Tự Lạn,223
22117047,Phường Việt Yên,223
22117048,Phường Nếnh,223
22117049,Phường Vân Hà,223
22101050,Xã Đồng Việt,223
22101051,Phường Bắc Giang,223
22101052,Phường Đa Mai,223
22101053,Phường Tiền Phong,223
22101054,Phường Tân An,223
22101055,Phường Yên Dũng,223
22101056,Phường Tân Tiến,223
22101057,Phường Cảnh Thụy,223
22301058,Phường Kinh Bắc,223
22301059,Phường Võ Cường,223
22301060,Phường Vũ Ninh,223
22301061,Phường Hạp Lĩnh,223
22301062,Phường Nam Sơn,223
22313063,Phường Từ Sơn,223
22313064,Phường Tam Sơn,223
22313065,Phường Đồng Nguyên,223
22313066,Phường Phù Khê,223
22309067,Phường Thuận Thành,223
22309068,Phường Mão Điền,223
22309069,Phường Trạm Lộ,223
22309070,Phường Trí Quả,223
22309071,Phường Song Liễu,223
22309072,Phường Ninh Xá,223
22305073,Phường Quế Võ,223
22305074,Phường Phương Liễu,223
22305075,Phường Nhân Hoà,223
22305076,Phường Đào Viên,223
22305077,Phường Bồng Lai,223
22305078,Xã Chi Lăng,223
22305079,Xã Phù Lãng,223
22303080,Xã Yên Phong,223
22303081,Xã Văn Môn,223
22303082,Xã Tam Giang,223
22303083,Xã Yên Trung,223
22303084,Xã Tam Đa,223
22307085,Xã Tiên Du,223
22307086,Xã Liên Bão,223
22307087,Xã Tân Chi,223
22307088,Xã Đại Đồng,223
22307089,Xã Phật Tích,223
22315090,Xã Gia Bình,223
22315091,Xã Nhân Thắng,223
22315092,Xã Đại Lai,223
22315093,Xã Cao Đức,223
22315094,Xã Đông Cứu,223
22311095,Xã Lương Tài,223
22311096,Xã Lâm Thao,223
22311097,Xã Trung Chính,223
22311098,Xã Trung Kênh,223
22113099,Xã Tuấn Đạo,223
22521001,Phường An Sinh,225
22521002,Phường Đông Triều,225
22521003,Phường Bình Khê,225
22521004,Phường Mạo Khê,225
22521005,Phường Hoàng Quế,225
22505006,Phường Yên Tử,225
22505007,Phường Vàng Danh,225
22505008,Phường Uông Bí,225
22525009,Phường Đông Mai,225
22525010,Phường Hiệp Hoà,225
22525011,Phường Quảng Yên,225
22525012,Phường Hà An,225
22525013,Phường Phong Cốc,225
22525014,Phường Liên Hoà,225
22501015,Phường Tuần Châu,225
22501016,Phường Việt Hưng,225
22501017,Phường Bãi Cháy,225
22501018,Phường Hà Tu,225
22501019,Phường Hà Lầm,225
22501020,Phường Cao Xanh,225
22501021,Phường Hồng Gai,225
22501022,Phường Hạ Long,225
22501023,Phường Hoành Bồ,225
22501024,Xã Quảng La,225
22501025,Xã Thống Nhất,225
22503026,Phường Mông Dương,225
22503027,Phường Quang Hanh,225
22503028,Phường Cẩm Phả,225
22503029,Phường Cửa Ông,225
22503030,Xã Hải Hoà,225
22513031,Xã Tiên Yên,225
22513032,Xã Điền Xá,225
22513033,Xã Đông Ngũ,225
22513034,Xã Hải Lạng,225
22501035,Xã Lương Minh,225
22515036,Xã Kỳ Thượng,225
22515037,Xã Ba Chẽ,225
22527038,Xã Quảng Tân,225
22527039,Xã Đầm Hà,225
22511040,Xã Quảng Hà,225
22511041,Xã Đường Hoa,225
22511042,Xã Quảng Đức,225
22507043,Xã Hoành Mô,225
22507044,Xã Lục Hồn,225
22507045,Xã Bình Liêu,225
22509046,Xã Hải Sơn,225
22509047,Xã Hải Ninh,225
22509048,Xã Vĩnh Thực,225
22509049,Phường Móng Cái 1,225
22509050,Phường Móng Cái 2,225
22509051,Phường Móng Cái 3,225
22517052,Đặc khu Vân Đồn,225
22523053,Đặc khu Cô Tô,225
22511054,Xã Cái Chiên,225
10311001,Phường Thuỷ Nguyên,103
10311002,Phường Thiên Hương,103
10311003,Phường Hoà Bình,103
10311004,Phường Nam Triệu,103
10311005,Phường Bạch Đằng,103
10311006,Phường Lưu Kiếm,103
10311007,Phường Lê Ích Mộc,103
10301008,Phường Hồng Bàng,103
10301009,Phường Hồng An,103
10303010,Phường Ngô Quyền,103
10303011,Phường Gia Viên,103
10305012,Phường Lê Chân,103
10305013,Phường An Biên,103
10304014,Phường Hải An,103
10304015,Phường Đông Hải,103
10307016,Phường Kiến An,103
10307017,Phường Phù Liễn,103
10309018,Phường Nam Đồ Sơn,103
10309019,Phường Đồ Sơn,103
10327020,Phường Hưng Đạo,103
10327021,Phường Dương Kinh,103
10313022,Phường An Dương,103
10313023,Phường An Hải,103
10313024,Phường An Phong,103
10315025,Xã An Hưng,103
10315026,Xã An Khánh,103
10315027,Xã An Quang,103
10315028,Xã An Trường,103
10315029,Xã An Lão,103
10317030,Xã Kiến Thụy,103
10317031,Xã Kiến Minh,103
10317032,Xã Kiến Hải,103
10317033,Xã Kiến Hưng,103
10317034,Xã Nghi Dương,103
10319035,Xã Quyết Thắng,103
10319036,Xã Tiên Lãng,103
10319037,Xã Tân Minh,103
10319038,Xã Tiên Minh,103
10319039,Xã Chấn Hưng,103
10319040,Xã Hùng Thắng,103
10321041,Xã Vĩnh Bảo,103
10321042,Xã Nguyễn Bỉnh Khiêm,103
10321043,Xã Vĩnh Am,103
10321044,Xã Vĩnh Hải,103
10321045,Xã Vĩnh Hoà,103
10321046,Xã Vĩnh Thịnh,103
10321047,Xã Vĩnh Thuận,103
10311048,Xã Việt Khê,103
10323049,Đặc khu Cát Hải,103
10325050,Đặc khu Bạch Long Vĩ,103
10701051,Phường Hải Dương,103
10701052,Phường Lê Thanh Nghị,103
10701053,Phường Việt Hoà,103
10701054,Phường Thành Đông,103
10701055,Phường Nam Đồng,103
10701056,Phường Tân Hưng,103
10701057,Phường Thạch Khôi,103
10717058,Phường Tứ Minh,103
10701059,Phường Ái Quốc,103
10703060,Phường Chu Văn An,103
10703061,Phường Chí Linh,103
10703062,Phường Trần Hưng Đạo,103
10703063,Phường Nguyễn Trãi,103
10703064,Phường Trần Nhân Tông,103
10703065,Phường Lê Đại Hành,103
10709066,Phường Kinh Môn,103
10709067,Phường Nguyễn Đại Năng,103
10709068,Phường Trần Liễu,103
10709069,Phường Bắc An Phụ,103
10709070,Phường Phạm Sư Mạnh,103
10709071,Phường Nhị Chiểu,103
10709072,Xã Nam An Phụ,103
10705073,Xã Nam Sách,103
10705074,Xã Thái Tân,103
10705075,Xã Hợp Tiến,103
10705076,Xã Trần Phú,103
10705077,Xã An Phú,103
10707078,Xã Thanh Hà,103
10707079,Xã Hà Tây,103
10707080,Xã Hà Bắc,103
10707081,Xã Hà Nam,103
10707082,Xã Hà Đông,103
10717083,Xã Cẩm Giang,103
10717084,Xã Tuệ Tĩnh,103
10717085,Xã Mao Điền,103
10717086,Xã Cẩm Giàng,103
10719087,Xã Kẻ Sặt,103
10719088,Xã Bình Giang,103
10719089,Xã Đường An,103
10719090,Xã Thượng Hồng,103
10713091,Xã Gia Lộc,103
10713092,Xã Yết Kiêu,103
10713093,Xã Gia Phúc,103
10713094,Xã Trường Tân,103
10715095,Xã Tứ Kỳ,103
10715096,Xã Tân Kỳ,103
10715097,Xã Đại Sơn,103
10715098,Xã Chí Minh,103
10715099,Xã Lạc Phượng,103
10715100,Xã Nguyên Giáp,103
10723101,Xã Ninh Giang,103
10723102,Xã Vĩnh Lại,103
10723103,Xã Khúc Thừa Dụ,103
10723104,Xã Tân An,103
10723105,Xã Hồng Châu,103
10721106,Xã Thanh Miện,103
10721107,Xã Bắc Thanh Miện,103
10721108,Xã Hải Hưng,103
10721109,Xã Nguyễn Lương Bằng,103
10721110,Xã Nam Thanh Miện,103
10711111,Xã Phú Thái,103
10711112,Xã Lai Khê,103
10711113,Xã An Thành,103
10711114,Xã Kim Thành,103
10901001,Phường Phố Hiến,109
10901002,Phường Sơn Nam,109
10901003,Phường Hồng Châu,109
10903004,Phường Mỹ Hào,109
10903005,Phường Đường Hào,109
10903006,Phường Thượng Hồng,109
10901007,Xã Tân Hưng,109
10913008,Xã Hoàng Hoa Thám,109
10913009,Xã Tiên Lữ,109
10913010,Xã Tiên Hoa,109
10911011,Xã Quang Hưng,109
10911012,Xã Đoàn Đào,109
10911013,Xã Tiên Tiến,109
10911014,Xã Tống Trân,109
10909015,Xã Lương Bằng,109
10909016,Xã Nghĩa Dân,109
10909017,Xã Hiệp Cường,109
10909018,Xã Đức Hợp,109
10907019,Xã Ân Thi,109
10907020,Xã Xuân Trúc,109
10907021,Xã Phạm Ngũ Lão,109
10907022,Xã Nguyễn Trãi,109
10907023,Xã Hồng Quang,109
10905024,Xã Khoái Châu,109
10905025,Xã Triệu Việt Vương,109
10905026,Xã Việt Tiến,109
10905027,Xã Chí Minh,109
10905028,Xã Châu Ninh,109
10919029,Xã Yên Mỹ,109
10919030,Xã Việt Yên,109
10919031,Xã Hoàn Long,109
10919032,Xã Nguyễn Văn Linh,109
10917033,Xã Như Quỳnh,109
10917034,Xã Lạc Đạo,109
10917035,Xã Đại Đồng,109
10915036,Xã Nghĩa Trụ,109
10915037,Xã Phụng Công,109
10915038,Xã Văn Giang,109
10915039,Xã Mễ Sở,109
11501040,Phường Thái Bình,109
11501041,Phường Trần Lãm,109
11501042,Phường Trần Hưng Đạo,109
11501043,Phường Trà Lý,109
11501044,Phường Vũ Phúc,109
11507045,Xã Thái Thụy,109
11507046,Xã Đông Thụy Anh,109
11507047,Xã Bắc Thụy Anh,109
11507048,Xã Thụy Anh,109
11507049,Xã Nam Thụy Anh,109
11507050,Xã Bắc Thái Ninh,109
11507051,Xã Thái Ninh,109
11507052,Xã Đông Thái Ninh,109
11507053,Xã Nam Thái Ninh,109
11507054,Xã Tây Thái Ninh,109
11507055,Xã Tây Thụy Anh,109
11515056,Xã Tiền Hải,109
11515057,Xã Tây Tiền Hải,109
11515058,Xã Ái Quốc,109
11515059,Xã Đồng Châu,109
11515060,Xã Đông Tiền Hải,109
11515061,Xã Nam Cường,109
11515062,Xã Hưng Phú,109
11515063,Xã Nam Tiền Hải,109
11503064,Xã Quỳnh Phụ,109
11503065,Xã Minh Thọ,109
11503066,Xã Nguyễn Du,109
11503067,Xã Quỳnh An,109
11503068,Xã Ngọc Lâm,109
11503069,Xã Đồng Bằng,109
11503070,Xã A Sào,109
11503071,Xã Phụ Dực,109
11503072,Xã Tân Tiến,109
11505073,Xã Hưng Hà,109
11505074,Xã Tiên La,109
11505075,Xã Lê Quý Đôn,109
11505076,Xã Hồng Minh,109
11505077,Xã Thần Khê,109
11505078,Xã Diên Hà,109
11505079,Xã Ngự Thiên,109
11505080,Xã Long Hưng,109
11509081,Xã Đông Hưng,109
11509082,Xã Bắc Tiên Hưng,109
11509083,Xã Đông Tiên Hưng,109
11509084,Xã Nam Đông Hưng,109
11509085,Xã Bắc Đông Quan,109
11509086,Xã Bắc Đông Hưng,109
11509087,Xã Đông Quan,109
11509088,Xã Nam Tiên Hưng,109
11509089,Xã Tiên Hưng,109
11513090,Xã Lê Lợi,109
11513091,Xã Kiến Xương,109
11513092,Xã Quang Lịch,109
11513093,Xã Vũ Quý,109
11513094,Xã Bình Thanh,109
11513095,Xã Bình Định,109
11513096,Xã Hồng Vũ,109
11513097,Xã Bình Nguyên,109
11513098,Xã Trà Giang,109
11511099,Xã Vũ Thư,109
11511100,Xã Thư Trì,109
11511101,Xã Tân Thuận,109
11511102,Xã Thư Vũ,109
11511103,Xã Vũ Tiên,109
11511104,Xã Vạn Xuân,109
11707001,Xã Gia Viễn,117
11707002,Xã Đại Hoàng,117
11707003,Xã Gia Hưng,117
11707004,Xã Gia Phong,117
11707005,Xã Gia Vân,117
11707006,Xã Gia Trấn,117
11705007,Xã Nho Quan,117
11705008,Xã Gia Lâm,117
11705009,Xã Gia Tường,117
11705010,Xã Phú Sơn,117
11705011,Xã Cúc Phương,117
11705012,Xã Phú Long,117
11705013,Xã Thanh Sơn,117
11705014,Xã Quỳnh Lưu,117
11713015,Xã Yên Khánh,117
11713016,Xã Khánh Nhạc,117
11713017,Xã Khánh Thiện,117
11713018,Xã Khánh Hội,117
11713019,Xã Khánh Trung,117
11711020,Xã Yên Mô,117
11711021,Xã Yên Từ,117
11711022,Xã Yên Mạc,117
11711023,Xã Đồng Thái,117
11715024,Xã Chất Bình,117
11715025,Xã Kim Sơn,117
11715026,Xã Quang Thiện,117
11715027,Xã Phát Diệm,117
11715028,Xã Lai Thành,117
11715029,Xã Định Hóa,117
11715030,Xã Bình Minh,117
11715031,Xã Kim Đông,117
11111032,Xã Bình Lục,117
11111033,Xã Bình Mỹ,117
11111034,Xã Bình An,117
11111035,Xã Bình Giang,117
11111036,Xã Bình Sơn,117
11109037,Xã Liêm Hà,117
11109038,Xã Tân Thanh,117
11109039,Xã Thanh Bình,117
11109040,Xã Thanh Lâm,117
11109041,Xã Thanh Liêm,117
11107042,Xã Lý Nhân,117
11107043,Xã Nam Xang,117
11107044,Xã Bắc Lý,117
11107045,Xã Vĩnh Trụ,117
11107046,Xã Trần Thương,117
11107047,Xã Nhân Hà,117
11107048,Xã Nam Lý,117
11309049,Xã Nam Trực,117
11309050,Xã Nam Minh,117
11309051,Xã Nam Đồng,117
11309052,Xã Nam Ninh,117
11309053,Xã Nam Hồng,117
11303054,Xã Minh Tân,117
11303055,Xã Hiển Khánh,117
11303056,Xã Vụ Bản,117
11303057,Xã Liên Minh,117
11307058,Xã Ý Yên,117
11307059,Xã Yên Đồng,117
11307060,Xã Yên Cường,117
11307061,Xã Vạn Thắng,117
11307062,Xã Vũ Dương,117
11307063,Xã Tân Minh,117
11307064,Xã Phong Doanh,117
11311065,Xã Cổ Lễ,117
11311066,Xã Ninh Giang,117
11311067,Xã Cát Thành,117
11311068,Xã Trực Ninh,117
11311069,Xã Quang Hưng,117
11311070,Xã Minh Thái,117
11311071,Xã Ninh Cường,117
11313072,Xã Xuân Trường,117
11313073,Xã Xuân Hưng,117
11313074,Xã Xuân Giang,117
11313075,Xã Xuân Hồng,117
11319076,Xã Hải Hậu,117
11319077,Xã Hải Anh,117
11319078,Xã Hải Tiến,117
11319079,Xã Hải Hưng,117
11319080,Xã Hải An,117
11319081,Xã Hải Quang,117
11319082,Xã Hải Xuân,117
11319083,Xã Hải Thịnh,117
11315084,Xã Giao Minh,117
11315085,Xã Giao Hoà,117
11315086,Xã Giao Thuỷ,117
11315087,Xã Giao Phúc,117
11315088,Xã Giao Hưng,117
11315089,Xã Giao Bình,117
11315090,Xã Giao Ninh,117
11317091,Xã Đồng Thịnh,117
11317092,Xã Nghĩa Hưng,117
11317093,Xã Nghĩa Sơn,117
11317094,Xã Hồng Phong,117
11317095,Xã Quỹ Nhất,117
11317096,Xã Nghĩa Lâm,117
11317097,Xã Rạng Đông,117
11709098,Phường Tây Hoa Lư,117
11709099,Phường Hoa Lư,117
11709100,Phường Nam Hoa Lư,117
11713101,Phường Đông Hoa Lư,117
11703102,Phường Tam Điệp,117
11703103,Phường Yên Sơn,117
11703104,Phường Trung Sơn,117
11703105,Phường Yên Thắng,117
11101106,Phường Hà Nam,117
11101107,Phường Phủ Lý,117
11101108,Phường Phù Vân,117
11101109,Phường Châu Sơn,117
11101110,Phường Liêm Tuyền,117
11103111,Phường Duy Tiên,117
11103112,Phường Duy Tân,117
11103113,Phường Đồng Văn,117
11103114,Phường Duy Hà,117
11103115,Phường Tiên Sơn,117
11105116,Phường Lê Hồ,117
11105117,Phường Nguyễn Úy,117
11105118,Phường Lý Thường Kiệt,117
11105119,Phường Kim Thanh,117
11105120,Phường Tam Chúc,117
11105121,Phường Kim Bảng,117
11301122,Phường Nam Định,117
11301123,Phường Thiên Trường,117
11301124,Phường Đông A,117
11301125,Phường Vị Khê,117
11301126,Phường Thành Nam,117
11301127,Phường Trường Thi,117
11309128,Phường Hồng Quang,117
11301129,Phường Mỹ Lộc,117
20301001,Phường Thục Phán,203
20301002,Phường Nùng Trí Cao,203
20301003,Phường Tân Giang,203
20323004,Xã Quảng Lâm,203
20323005,Xã Nam Quang,203
20323006,Xã Lý Bôn,203
20323007,Xã Bảo Lâm,203
20323008,Xã Yên Thổ,203
20303009,Xã Sơn Lộ,203
20303010,Xã Hưng Đạo,203
20303011,Xã Bảo Lạc,203
20303012,Xã Cốc Pàng,203
20303013,Xã Cô Ba,203
20303014,Xã Khánh Xuân,203
20303015,Xã Xuân Trường,203
20303016,Xã Huy Giáp,203
20313017,Xã Ca Thành,203
20313018,Xã Phan Thanh,203
20313019,Xã Thành Công,203
20313020,Xã Tĩnh Túc,203
20313021,Xã Tam Kim,203
20313022,Xã Nguyên Bình,203
20313023,Xã Minh Tâm,203
20305024,Xã Thanh Long,203
20305025,Xã Cần Yên,203
20305026,Xã Thông Nông,203
20305027,Xã Trường Hà,203
20305028,Xã Hà Quảng,203
20305029,Xã Lũng Nặm,203
20305030,Xã Tổng Cọt,203
20315031,Xã Nam Tuấn,203
20315032,Xã Hoà An,203
20315033,Xã Bạch Đằng,203
20315034,Xã Nguyễn Huệ,203
20321035,Xã Minh Khai,203
20321036,Xã Canh Tân,203
20321037,Xã Kim Đồng,203
20321038,Xã Thạch An,203
20321039,Xã Đông Khê,203
20321040,Xã Đức Long,203
20317041,Xã Phục Hoà,203
20317042,Xã Bế Văn Đàn,203
20317043,Xã Độc Lập,203
20317044,Xã Quảng Uyên,203
20317045,Xã Hạnh Phúc,203
20311046,Xã Quang Hán,203
20311047,Xã Trà Lĩnh,203
20311048,Xã Quang Trung,203
20311049,Xã Đoài Dương,203
20311050,Xã Trùng Khánh,203
20311051,Xã Đàm Thuỷ,203
20311052,Xã Đình Phong,203
20319053,Xã Lý Quốc,203
20319054,Xã Hạ Lang,203
20319055,Xã Vinh Quý,203
20319056,Xã Quang Long,203
21113001,Xã Thượng Lâm,211
21113002,Xã Lâm Bình,211
21113003,Xã Minh Quang,211
21113004,Xã Bình An,211
21103005,Xã Côn Lôn,211
21103006,Xã Yên Hoa,211
21103007,Xã Thượng Nông,211
21103008,Xã Hồng Thái,211
21103009,Xã Nà Hang,211
21105010,Xã Tân Mỹ,211
21105011,Xã Yên Lập,211
21105012,Xã Tân An,211
21105013,Xã Chiêm Hoá,211
21105014,Xã Hoà An,211
21105015,Xã Kiên Đài,211
21105016,Xã Tri Phú,211
21105017,Xã Kim Bình,211
21105018,Xã Yên Nguyên,211
21105019,Xã Trung Hà,211
21107020,Xã Yên Phú,211
21107021,Xã Bạch Xa,211
21107022,Xã Phù Lưu,211
21107023,Xã Hàm Yên,211
21107024,Xã Bình Xa,211
21107025,Xã Thái Sơn,211
21107026,Xã Thái Hoà,211
21107027,Xã Hùng Đức,211
21109028,Xã Hùng Lợi,211
21109029,Xã Trung Sơn,211
21109030,Xã Thái Bình,211
21109031,Xã Tân Long,211
21109032,Xã Xuân Vân,211
21109033,Xã Lực Hành,211
21109034,Xã Yên Sơn,211
21109035,Xã Nhữ Khê,211
21109036,Xã Kiến Thiết,211
21111037,Xã Tân Trào,211
21111038,Xã Minh Thanh,211
21111039,Xã Sơn Dương,211
21111040,Xã Bình Ca,211
21111041,Xã Tân Thanh,211
21111042,Xã Sơn Thuỷ,211
21111043,Xã Phú Lương,211
21111044,Xã Trường Sinh,211
21111045,Xã Hồng Sơn,211
21111046,Xã Đông Thọ,211
21101047,Phường Mỹ Lâm,211
21101048,Phường Minh Xuân,211
21101049,Phường Nông Tiến,211
21101050,Phường An Tường,211
21101051,Phường Bình Thuận,211
20103052,Xã Lũng Cú,211
20103053,Xã Đồng Văn,211
20103054,Xã Sà Phìn,211
20103055,Xã Phố Bảng,211
20103056,Xã Lũng Phìn,211
20105057,Xã Sủng Máng,211
20105058,Xã Sơn Vĩ,211
20105059,Xã Mèo Vạc,211
20105060,Xã Khâu Vai,211
20105061,Xã Niêm Sơn,211
20105062,Xã Tát Ngà,211
20107063,Xã Thắng Mố,211
20107064,Xã Bạch Đích,211
20107065,Xã Yên Minh,211
20107066,Xã Mậu Duệ,211
20107067,Xã Ngọc Long,211
20107068,Xã Du Già,211
20107069,Xã Đường Thượng,211
20109070,Xã Lùng Tám,211
20109071,Xã Cán Tỷ,211
20109072,Xã Nghĩa Thuận,211
20109073,Xã Quản Bạ,211
20109074,Xã Tùng Vài,211
20111075,Xã Yên Cường,211
20111076,Xã Đường Hồng,211
20111077,Xã Bắc Mê,211
20111078,Xã Giáp Trung,211
20111079,Xã Minh Sơn,211
20111080,Xã Minh Ngọc,211
20101081,Xã Ngọc Đường,211
20101082,Phường Hà Giang 1,211
20101083,Phường Hà Giang 2,211
20115084,Xã Lao Chải,211
20115085,Xã Thanh Thuỷ,211
20115086,Xã Minh Tân,211
20115087,Xã Thuận Hoà,211
20115088,Xã Tùng Bá,211
20115089,Xã Phú Linh,211
20115090,Xã Linh Hồ,211
20115091,Xã Bạch Ngọc,211
20115092,Xã Vị Xuyên,211
20115093,Xã Việt Lâm,211
20115094,Xã Cao Bồ,211
20115095,Xã Thượng Sơn,211
20119096,Xã Tân Quang,211
20119097,Xã Đồng Tâm,211
20119098,Xã Liên Hiệp,211
20119099,Xã Bằng Hành,211
20119100,Xã Bắc Quang,211
20119101,Xã Hùng An,211
20119102,Xã Vĩnh Tuy,211
20119103,Xã Đồng Yên,211
20118104,Xã Tiên Yên,211
20118105,Xã Xuân Giang,211
20118106,Xã Bằng Lang,211
20118107,Xã Yên Thành,211
20118108,Xã Quang Bình,211
20118109,Xã Tân Trịnh,211
20118110,Xã Tiên Nguyên,211
20113111,Xã Thông Nguyên,211
20113112,Xã Hồ Thầu,211
20113113,Xã Nậm Dịch,211
20113114,Xã Tân Tiến,211
20113115,Xã Hoàng Su Phì,211
20113116,Xã Thàng Tín,211
20113117,Xã Bản Máy,211
20113118,Xã Pờ Ly Ngài,211
20117119,Xã Xín Mần,211
20117120,Xã Pà Vầy Sủ,211
20117121,Xã Nấm Dẩn,211
20117122,Xã Trung Thịnh,211
20117123,Xã Quảng Nguyên,211
20117124,Xã Khuôn Lùng,211
21309001,Xã Khao Mang,205
21309002,Xã Mù Cang Chải,205
21309003,Xã Púng Luông,205
21315004,Xã Tú Lệ,205
21317005,Xã Trạm Tấu,205
21317006,Xã Hạnh Phúc,205
21317007,Xã Phình Hồ,205
21303008,Phường Nghĩa Lộ,205
21303009,Phường Trung Tâm,205
21303010,Phường Cầu Thia,205
21303011,Xã Liên Sơn,205
21315012,Xã Gia Hội,205
21315013,Xã Sơn Lương,205
21315014,Xã Thượng Bằng La,205
21315015,Xã Chấn Thịnh,205
21315016,Xã Nghĩa Tâm,205
21315017,Xã Văn Chấn,205
21307018,Xã Phong Dụ Hạ,205
21307019,Xã Châu Quế,205
21307020,Xã Lâm Giang,205
21307021,Xã Đông Cuông,205
21307022,Xã Tân Hợp,205
21307023,Xã Mậu A,205
21307024,Xã Xuân Ái,205
21307025,Xã Mỏ Vàng,205
21305026,Xã Lâm Thượng,205
21305027,Xã Lục Yên,205
21305028,Xã Tân Lĩnh,205
21305029,Xã Khánh Hoà,205
21305030,Xã Phúc Lợi,205
21305031,Xã Mường Lai,205
21313032,Xã Cảm Nhân,205
21313033,Xã Yên Thành,205
21313034,Xã Thác Bà,205
21313035,Xã Yên Bình,205
21313036,Xã Bảo Ái,205
21301037,Phường Văn Phú,205
21301038,Phường Yên Bái,205
21301039,Phường Nam Cường,205
21301040,Phường Âu Lâu,205
21311041,Xã Trấn Yên,205
21311042,Xã Hưng Khánh,205
21311043,Xã Lương Thịnh,205
21311044,Xã Việt Hồng,205
21311045,Xã Quy Mông,205
20511046,Xã Phong Hải,205
20511047,Xã Xuân Quang,205
20511048,Xã Bảo Thắng,205
20511049,Xã Tằng Lỏong,205
20511050,Xã Gia Phú,205
20501051,Xã Cốc San,205
20501052,Xã Hợp Thành,205
20501053,Phường Cam Đường,205
20501054,Phường Lào Cai,205
20507055,Xã Mường Hum,205
20507056,Xã Dền Sáng,205
20507057,Xã Y Tý,205
20507058,Xã A Mú Sung,205
20507059,Xã Trịnh Tường,205
20507060,Xã Bản Xèo,205
20507061,Xã Bát Xát,205
20515062,Xã Nghĩa Đô,205
20515063,Xã Thượng Hà,205
20515064,Xã Bảo Yên,205
20515065,Xã Xuân Hoà,205
20515066,Xã Phúc Khánh,205
20515067,Xã Bảo Hà,205
20519068,Xã Võ Lao,205
20519069,Xã Khánh Yên,205
20519070,Xã Văn Bàn,205
20519071,Xã Dương Quỳ,205
20519072,Xã Chiềng Ken,205
20519073,Xã Minh Lương,205
20519074,Xã Nậm Chày,205
20513075,Xã Mường Bo,205
20513076,Xã Bản Hồ,205
20513077,Xã Tả Phìn,205
20513078,Xã Tả Van,205
20513079,Phường Sa Pa,205
20509080,Xã Cốc Lầu,205
20509081,Xã Bảo Nhai,205
20509082,Xã Bản Liền,205
20509083,Xã Bắc Hà,205
20509084,Xã Tả Củ Tỷ,205
20509085,Xã Lùng Phình,205
20505086,Xã Pha Long,205
20505087,Xã Mường Khương,205
20505088,Xã Bản Lầu,205
20505089,Xã Cao Sơn,205
20521090,Xã Si Ma Cai,205
20521091,Xã Sín Chéng,205
21309092,Xã Lao Chải,205
21309093,Xã Chế Tạo,205
21309094,Xã Nậm Có,205
21317095,Xã Tà Xi Láng,205
21307096,Xã Phong Dụ Thượng,205
21315097,Xã Cát Thịnh,205
20519098,Xã Nậm Xé,205
20513099,Xã Ngũ Chỉ Sơn,205
21501001,Phường Phan Đình Phùng,215
21501002,Phường Linh Sơn,215
21501003,Phường Tích Lương,215
21501004,Phường Gia Sàng,215
21501005,Phường Quyết Thắng,215
21501006,Phường Quan Triều,215
21501007,Xã Tân Cương,215
21501008,Xã Đại Phúc,215
21513009,Xã Đại Từ,215
21513010,Xã Đức Lương,215
21513011,Xã Phú Thịnh,215
21513012,Xã La Bằng,215
21513013,Xã Phú Lạc,215
21513014,Xã An Khánh,215
21513015,Xã Quân Chu,215
21513016,Xã Vạn Phú,215
21513017,Xã Phú Xuyên,215
21517018,Phường Phổ Yên,215
21517019,Phường Vạn Xuân,215
21517020,Phường Trung Thành,215
21517021,Phường Phúc Thuận,215
21517022,Xã Thành Công,215
21515023,Xã Phú Bình,215
21515024,Xã Tân Thành,215
21515025,Xã Điềm Thụy,215
21515026,Xã Kha Sơn,215
21515027,Xã Tân Khánh,215
21511028,Xã Đồng Hỷ,215
21511029,Xã Quang Sơn,215
21511030,Xã Trại Cau,215
21511031,Xã Nam Hoà,215
21511032,Xã Văn Hán,215
21511033,Xã Văn Lăng,215
21503034,Phường Sông Công,215
21503035,Phường Bá Xuyên,215
21503036,Phường Bách Quang,215
21509037,Xã Phú Lương,215
21509038,Xã Vô Tranh,215
21509039,Xã Yên Trạch,215
21509040,Xã Hợp Thành,215
21505041,Xã Định Hóa,215
21505042,Xã Bình Yên,215
21505043,Xã Trung Hội,215
21505044,Xã Phượng Tiến,215
21505045,Xã Phú Đình,215
21505046,Xã Bình Thành,215
21505047,Xã Kim Phượng,215
21505048,Xã Lam Vỹ,215
21507049,Xã Võ Nhai,215
21507050,Xã Dân Tiến,215
21507051,Xã Nghinh Tường,215
21507052,Xã Thần Sa,215
21507053,Xã La Hiên,215
21507054,Xã Tràng Xá,215
20704055,Xã Bằng Thành,215
20704056,Xã Nghiên Loan,215
20704057,Xã Cao Minh,215
20703058,Xã Ba Bể,215
20703059,Xã Chợ Rã,215
20703060,Xã Phúc Lộc,215
20703061,Xã Thượng Minh,215
20703062,Xã Đồng Phúc,215
20713063,Xã Yên Bình,215
20705064,Xã Bằng Vân,215
20705065,Xã Ngân Sơn,215
20705066,Xã Nà Phặc,215
20705067,Xã Hiệp Lực,215
20707068,Xã Nam Cường,215
20707069,Xã Quảng Bạch,215
20707070,Xã Yên Thịnh,215
20707071,Xã Chợ Đồn,215
20707072,Xã Yên Phong,215
20707073,Xã Nghĩa Tá,215
20711074,Xã Phủ Thông,215
20711075,Xã Cẩm Giàng,215
20711076,Xã Vĩnh Thông,215
20711077,Xã Bạch Thông,215
20701078,Xã Phong Quang,215
20701079,Phường Đức Xuân,215
20701080,Phường Bắc Kạn,215
20709081,Xã Văn Lang,215
20709082,Xã Cường Lợi,215
20709083,Xã Na Rì,215
20709084,Xã Trần Phú,215
20709085,Xã Côn Minh,215
20709086,Xã Xuân Dương,215
20713087,Xã Tân Kỳ,215
20713088,Xã Thanh Mai,215
20713089,Xã Thanh Thịnh,215
20713090,Xã Chợ Mới,215
21507091,Xã Sảng Mộc,215
20705092,Xã Thượng Quan,215
20903001,Xã Thất Khê,209
20903002,Xã Đoàn Kết,209
20903003,Xã Tân Tiến,209
20903004,Xã Tràng Định,209
20903005,Xã Quốc Khánh,209
20903006,Xã Kháng Chiến,209
20903007,Xã Quốc Việt,209
20907008,Xã Bình Gia,209
20907009,Xã Tân Văn,209
20907010,Xã Hồng Phong,209
20907011,Xã Hoa Thám,209
20907012,Xã Quý Hoà,209
20907013,Xã Thiện Hoà,209
20907014,Xã Thiện Thuật,209
20907015,Xã Thiện Long,209
20909016,Xã Bắc Sơn,209
20909017,Xã Hưng Vũ,209
20909018,Xã Vũ Lăng,209
20909019,Xã Nhất Hoà,209
20909020,Xã Vũ Lễ,209
20909021,Xã Tân Tri,209
20911022,Xã Văn Quan,209
20911023,Xã Điềm He,209
20911024,Xã Tri Lễ,209
20911025,Xã Yên Phúc,209
20911026,Xã Tân Đoàn,209
20913027,Xã Khánh Khê,209
20905028,Xã Na Sầm,209
20905029,Xã Văn Lãng,209
20905030,Xã Hội Hoan,209
20905031,Xã Thụy Hùng,209
20905032,Xã Hoàng Văn Thụ,209
20915033,Xã Lộc Bình,209
20915034,Xã Mẫu Sơn,209
20915035,Xã Na Dương,209
20915036,Xã Lợi Bác,209
20915037,Xã Thống Nhất,209
20915038,Xã Xuân Dương,209
20915039,Xã Khuất Xá,209
20919040,Xã Đình Lập,209
20919041,Xã Châu Sơn,209
20919042,Xã Kiên Mộc,209
20919043,Xã Thái Bình,209
20921044,Xã Hữu Lũng,209
20921045,Xã Tuấn Sơn,209
20921046,Xã Tân Thành,209
20921047,Xã Vân Nham,209
20921048,Xã Thiện Tân,209
20921049,Xã Yên Bình,209
20921050,Xã Hữu Liên,209
20921051,Xã Cai Kinh,209
20917052,Xã Chi Lăng,209
20917053,Xã Nhân Lý,209
20917054,Xã Chiến Thắng,209
20917055,Xã Quan Sơn,209
20917056,Xã Bằng Mạc,209
20917057,Xã Vạn Linh,209
20913058,Xã Đồng Đăng,209
20913059,Xã Cao Lộc,209
20913060,Xã Công Sơn,209
20913061,Xã Ba Sơn,209
20901062,Phường Tam Thanh,209
20901063,Phường Lương Văn Tri,209
20913064,Phường Kỳ Lừa,209
20901065,Phường Đông Kinh,209
21701001,Phường Việt Trì,217
21701002,Phường Nông Trang,217
21701003,Phường Thanh Miếu,217
21701004,Phường Vân Phú,217
21701005,Xã Hy Cương,217
21721006,Xã Lâm Thao,217
21721007,Xã Xuân Lũng,217
21721008,Xã Phùng Nguyên,217
21721009,Xã Bản Nguyên,217
21703010,Phường Phong Châu,217
21703011,Phường Phú Thọ,217
21703012,Phường Âu Cơ,217
21711013,Xã Phù Ninh,217
21711014,Xã Dân Chủ,217
21711015,Xã Phú Mỹ,217
21711016,Xã Trạm Thản,217
21711017,Xã Bình Phú,217
21709018,Xã Thanh Ba,217
21709019,Xã Quảng Yên,217
21709020,Xã Hoàng Cương,217
21709021,Xã Đông Thành,217
21709022,Xã Chí Tiên,217
21709023,Xã Liên Minh,217
21705024,Xã Đoan Hùng,217
21705025,Xã Tây Cốc,217
21705026,Xã Chân Mộng,217
21705027,Xã Chí Đám,217
21705028,Xã Bằng Luân,217
21707029,Xã Hạ Hòa,217
21707030,Xã Đan Thượng,217
21707031,Xã Yên Kỳ,217
21707032,Xã Vĩnh Chân,217
21707033,Xã Văn Lang,217
21707034,Xã Hiền Lương,217
21713035,Xã Cẩm Khê,217
21713036,Xã Phú Khê,217
21713037,Xã Hùng Việt,217
21713038,Xã Đồng Lương,217
21713039,Xã Tiên Lương,217
21713040,Xã Vân Bán,217
21717041,Xã Tam Nông,217
21717042,Xã Thọ Văn,217
21717043,Xã Vạn Xuân,217
21717044,Xã Hiền Quan,217
21723045,Xã Thanh Thuỷ,217
21723046,Xã Đào Xá,217
21723047,Xã Tu Vũ,217
21719048,Xã Thanh Sơn,217
21719049,Xã Võ Miếu,217
21719050,Xã Văn Miếu,217
21719051,Xã Cự Đồng,217
21719052,Xã Hương Cần,217
21719053,Xã Yên Sơn,217
21719054,Xã Khả Cửu,217
21720055,Xã Tân Sơn,217
21720056,Xã Minh Đài,217
21720057,Xã Lai Đồng,217
21720058,Xã Thu Cúc,217
21720059,Xã Xuân Đài,217
21720060,Xã Long Cốc,217
21715061,Xã Yên Lập,217
21715062,Xã Thượng Long,217
21715063,Xã Sơn Lương,217
21715064,Xã Xuân Viên,217
21715065,Xã Minh Hòa,217
21715066,Xã Trung Sơn,217
21915067,Xã Tam Sơn,217
21915068,Xã Sông Lô,217
21915069,Xã Hải Lựu,217
21915070,Xã Yên Lãng,217
21903071,Xã Lập Thạch,217
21903072,Xã Tiên Lữ,217
21903073,Xã Thái Hòa,217
21903074,Xã Liên Hòa,217
21903075,Xã Hợp Lý,217
21903076,Xã Sơn Đông,217
21904077,Xã Tam Đảo,217
21904078,Xã Đại Đình,217
21904079,Xã Đạo Trù,217
21905080,Xã Tam Dương,217
21905081,Xã Hội Thịnh,217
21905082,Xã Hoàng An,217
21905083,Xã Tam Dương Bắc,217
21907084,Xã Vĩnh Tường,217
21907085,Xã Thổ Tang,217
21907086,Xã Vĩnh Hưng,217
21907087,Xã Vĩnh An,217
21907088,Xã Vĩnh Phú,217
21907089,Xã Vĩnh Thành,217
21909090,Xã Yên Lạc,217
21909091,Xã Tề Lỗ,217
21909092,Xã Liên Châu,217
21909093,Xã Tam Hồng,217
21909094,Xã Nguyệt Đức,217
21913095,Xã Bình Nguyên,217
21913096,Xã Xuân Lãng,217
21913097,Xã Bình Xuyên,217
21913098,Xã Bình Tuyền,217
21901099,Phường Vĩnh Phúc,217
21901100,Phường Vĩnh Yên,217
21902101,Phường Phúc Yên,217
21902102,Phường Xuân Hòa,217
30510103,Xã Cao Phong,217
30510104,Xã Mường Thàng,217
30510105,Xã Thung Nai,217
30503106,Xã Đà Bắc,217
30503107,Xã Cao Sơn,217
30503108,Xã Đức Nhàn,217
30503109,Xã Quy Đức,217
30503110,Xã Tân Pheo,217
30503111,Xã Tiền Phong,217
30511112,Xã Kim Bôi,217
30511113,Xã Mường Động,217
30511114,Xã Dũng Tiến,217
30511115,Xã Hợp Kim,217
30511116,Xã Nật Sơn,217
30515117,Xã Lạc Sơn,217
30515118,Xã Mường Vang,217
30515119,Xã Đại Đồng,217
30515120,Xã Ngọc Sơn,217
30515121,Xã Nhân Nghĩa,217
30515122,Xã Quyết Thắng,217
30515123,Xã Thượng Cốc,217
30515124,Xã Yên Phú,217
30517125,Xã Lạc Thủy,217
30517126,Xã An Bình,217
30517127,Xã An Nghĩa,217
30509128,Xã Lương Sơn,217
30509129,Xã Cao Dương,217
30509130,Xã Liên Sơn,217
30505131,Xã Mai Châu,217
30505132,Xã Bao La,217
30505133,Xã Mai Hạ,217
30505134,Xã Pà Cò,217
30505135,Xã Tân Mai,217
30513136,Xã Tân Lạc,217
30513137,Xã Mường Bi,217
30513138,Xã Mường Hoa,217
30513139,Xã Toàn Thắng,217
30513140,Xã Vân Sơn,217
30519141,Xã Yên Thủy,217
30519142,Xã Lạc Lương,217
30519143,Xã Yên Trị,217
30501144,Xã Thịnh Minh,217
30501145,Phường Hoà Bình,217
30501146,Phường Kỳ Sơn,217
30501147,Phường Tân Hoà,217
30501148,Phường Thống Nhất,217
30101001,Xã Mường Phăng,301
30101002,Phường Điện Biên Phủ,301
30101003,Phường Mường Thanh,301
30103004,Phường Mường Lay,301
30117005,Xã Thanh Nưa,301
30117006,Xã Thanh An,301
30117007,Xã Thanh Yên,301
30117008,Xã Sam Mứn,301
30117009,Xã Núa Ngam,301
30117010,Xã Mường Nhà,301
30115011,Xã Tuần Giáo,301
30115012,Xã Quài Tở,301
30115013,Xã Mường Mùn,301
30115014,Xã Pú Nhung,301
30115015,Xã Chiềng Sinh,301
30113016,Xã Tủa Chùa,301
30113017,Xã Sín Chải,301
30113018,Xã Sính Phình,301
30113019,Xã Tủa Thàng,301
30113020,Xã Sáng Nhè,301
30111021,Xã Na Sang,301
30111022,Xã Mường Tùng,301
30111023,Xã Pa Ham,301
30111024,Xã Nậm Nèn,301
30111025,Xã Mường Pồn,301
30119026,Xã Na Son,301
30119027,Xã Xa Dung,301
30119028,Xã Pu Nhi,301
30119029,Xã Mường Luân,301
30119030,Xã Tìa Dình,301
30119031,Xã Phình Giàng,301
30123032,Xã Mường Chà,301
30123033,Xã Nà Hỳ,301
30123034,Xã Nà Bủng,301
30123035,Xã Chà Tở,301
30123036,Xã Si Pa Phìn,301
30104037,Xã Mường Nhé,301
30104038,Xã Sín Thầu,301
30104039,Xã Mường Toong,301
30104040,Xã Nậm Kè,301
30104041,Xã Quảng Lâm,301
30121042,Xã Mường Ảng,301
30121043,Xã Nà Tấu,301
30121044,Xã Búng Lao,301
30121045,Xã Mường Lạn,301
30209001,Xã Mường Kim,302
30209002,Xã Khoen On,302
30209003,Xã Than Uyên,302
30209004,Xã Mường Than,302
30211005,Xã Pắc Ta,302
30211006,Xã Nậm Sỏ,302
30211007,Xã Tân Uyên,302
30211008,Xã Mường Khoa,302
30205009,Xã Bản Bo,302
30205010,Xã Bình Lư,302
30205011,Xã Tả Lèng,302
30205012,Xã Khun Há,302
30202013,Phường Tân Phong,302
30202014,Phường Đoàn Kết,302
30203015,Xã Sin Suối Hồ,302
30203016,Xã Phong Thổ,302
30203017,Xã Sì Lở Lầu,302
30203018,Xã Dào San,302
30203019,Xã Khổng Lào,302
30207020,Xã Tủa Sín Chải,302
30207021,Xã Sìn Hồ,302
30207022,Xã Hồng Thu,302
30207023,Xã Nậm Tăm,302
30207024,Xã Pu Sam Cáp,302
30207025,Xã Nậm Cuổi,302
30207026,Xã Nậm Mạ,302
30213027,Xã Lê Lợi,302
30213028,Xã Nậm Hàng,302
30213029,Xã Mường Mô,302
30213030,Xã Hua Bum,302
30213031,Xã Pa Tần,302
30201032,Xã Bum Nưa,302
30201033,Xã Bum Tở,302
30201034,Xã Mường Tè,302
30201035,Xã Thu Lũm,302
30201036,Xã Pa Ủ,302
30201037,Xã Tà Tổng,302
30201038,Xã Mù Cả,302
30301001,Phường Tô Hiệu,303
30301002,Phường Chiềng An,303
30301003,Phường Chiềng Cơi,303
30301004,Phường Chiềng Sinh,303
30319005,Phường Mộc Châu,303
30319006,Phường Mộc Sơn,303
30319007,Phường Vân Sơn,303
30319008,Phường Thảo Nguyên,303
30319009,Xã Đoàn Kết,303
30319010,Xã Lóng Sập,303
30319011,Xã Chiềng Sơn,303
30323012,Xã Vân Hồ,303
30323013,Xã Song Khủa,303
30323014,Xã Tô Múa,303
30323015,Xã Xuân Nha,303
30303016,Xã Quỳnh Nhai,303
30303017,Xã Mường Chiên,303
30303018,Xã Mường Giôn,303
30303019,Xã Mường Sại,303
30307020,Xã Thuận Châu,303
30307021,Xã Chiềng La,303
30307022,Xã Nậm Lầu,303
30307023,Xã Muổi Nọi,303
30307024,Xã Mường Khiêng,303
30307025,Xã Co Mạ,303
30307026,Xã Bình Thuận,303
30307027,Xã Mường É,303
30307028,Xã Long Hẹ,303
30305029,Xã Mường La,303
30305030,Xã Chiềng Lao,303
30305031,Xã Mường Bú,303
30305032,Xã Chiềng Hoa,303
30309033,Xã Bắc Yên,303
30309034,Xã Tà Xùa,303
30309035,Xã Tạ Khoa,303
30309036,Xã Xím Vàng,303
30309037,Xã Pắc Ngà,303
30309038,Xã Chiềng Sại,303
30311039,Xã Phù Yên,303
30311040,Xã Gia Phù,303
30311041,Xã Tường Hạ,303
30311042,Xã Mường Cơi,303
30311043,Xã Mường Bang,303
30311044,Xã Tân Phong,303
30311045,Xã Kim Bon,303
30317046,Xã Yên Châu,303
30317047,Xã Chiềng Hặc,303
30317048,Xã Lóng Phiêng,303
30317049,Xã Yên Sơn,303
30313050,Xã Chiềng Mai,303
30313051,Xã Mai Sơn,303
30313052,Xã Phiêng Pằn,303
30313053,Xã Chiềng Mung,303
30313054,Xã Phiêng Cằm,303
30313055,Xã Mường Chanh,303
30313056,Xã Tà Hộc,303
30313057,Xã Chiềng Sung,303
30315058,Xã Bó Sinh,303
30315059,Xã Chiềng Khương,303
30315060,Xã Mường Hung,303
30315061,Xã Chiềng Khoong,303
30315062,Xã Mường Lầm,303
30315063,Xã Nậm Ty,303
30315064,Xã Sông Mã,303
30315065,Xã Huổi Một,303
30315066,Xã Chiềng Sơ,303
30321067,Xã Sốp Cộp,303
30321068,Xã Púng Bánh,303
30319069,Xã Tân Yên,303
30307070,Xã Mường Bám,303
30305071,Xã Ngọc Chiến,303
30311072,Xã Suối Tọ,303
30317073,Xã Phiêng Khoài,303
30321074,Xã Mường Lạn,303
30321075,Xã Mường Lèo,303
40101001,Phường Hạc Thành,401
40101002,Phường Quảng Phú,401
40101003,Phường Đông Quang,401
40101004,Phường Đông Sơn,401
40101005,Phường Đông Tiến,401
40101006,Phường Hàm Rồng,401
40101007,Phường Nguyệt Viên,401
40105008,Phường Sầm Sơn,401
40105009,Phường Nam Sầm Sơn,401
40103010,Phường Bỉm Sơn,401
40103011,Phường Quang Trung,401
40153012,Phường Ngọc Sơn,401
40153013,Phường Tân Dân,401
40153014,Phường Hải Lĩnh,401
40153015,Phường Tĩnh Gia,401
40153016,Phường Đào Duy Tư,401
40153017,Phường Hải Bình,401
40153018,Phường Trúc Lâm,401
40153019,Phường Nghi Sơn,401
40153020,Xã Các Sơn,401
40153021,Xã Trường Lâm,401
40131022,Xã Hà Trung,401
40131023,Xã Tống Sơn,401
40131024,Xã Hà Long,401
40131025,Xã Hoạt Giang,401
40131026,Xã Lĩnh Toại,401
40139027,Xã Triệu Lộc,401
40139028,Xã Đông Thành,401
40139029,Xã Hậu Lộc,401
40139030,Xã Hoa Lộc,401
40139031,Xã Vạn Lộc,401
40133032,Xã Nga Sơn,401
40133033,Xã Nga Thắng,401
40133034,Xã Hồ Vương,401
40133035,Xã Tân Tiến,401
40133036,Xã Nga An,401
40133037,Xã Ba Đình,401
40143038,Xã Hoằng Hóa,401
40143039,Xã Hoằng Tiến,401
40143040,Xã Hoằng Thanh,401
40143041,Xã Hoằng Lộc,401
40143042,Xã Hoằng Châu,401
40143043,Xã Hoằng Sơn,401
40143044,Xã Hoằng Phú,401
40143045,Xã Hoằng Giang,401
40149046,Xã Lưu Vệ,401
40149047,Xã Quảng Yên,401
40149048,Xã Quảng Ngọc,401
40149049,Xã Quảng Ninh,401
40149050,Xã Quảng Bình,401
40149051,Xã Tiên Trang,401
40149052,Xã Quảng Chính,401
40151053,Xã Nông Cống,401
40151054,Xã Thắng Lợi,401
40151055,Xã Trung Chính,401
40151056,Xã Trường Văn,401
40151057,Xã Thăng Bình,401
40151058,Xã Tượng Lĩnh,401
40151059,Xã Công Chính,401
40141060,Xã Thiệu Hóa,401
40141061,Xã Thiệu Quang,401
40141062,Xã Thiệu Tiến,401
40141063,Xã Thiệu Toán,401
40141064,Xã Thiệu Trung,401
40135065,Xã Yên Định,401
40135066,Xã Yên Trường,401
40135067,Xã Yên Phú,401
40135068,Xã Quý Lộc,401
40135069,Xã Yên Ninh,401
40135070,Xã Định Tân,401
40135071,Xã Định Hoà,401
40137072,Xã Thọ Xuân,401
40137073,Xã Thọ Long,401
40137074,Xã Xuân Hoà,401
40137075,Xã Sao Vàng,401
40137076,Xã Lam Sơn,401
40137077,Xã Thọ Lập,401
40137078,Xã Xuân Tín,401
40137079,Xã Xuân Lập,401
40129080,Xã Vĩnh Lộc,401
40129081,Xã Tây Đô,401
40129082,Xã Biện Thượng,401
40147083,Xã Triệu Sơn,401
40147084,Xã Thọ Bình,401
40147085,Xã Thọ Ngọc,401
40147086,Xã Thọ Phú,401
40147087,Xã Hợp Tiến,401
40147088,Xã An Nông,401
40147089,Xã Tân Ninh,401
40147090,Xã Đồng Tiến,401
40107091,Xã Mường Chanh,401
40107092,Xã Quang Chiểu,401
40107093,Xã Tam chung,401
40107094,Xã Mường Lát,401
40107095,Xã Pù Nhi,401
40107096,Xã Nhi Sơn,401
40107097,Xã Mường Lý,401
40107098,Xã Trung Lý,401
40109099,Xã Hồi Xuân,401
40109100,Xã Nam Xuân,401
40109101,Xã Thiên Phủ,401
40109102,Xã Hiền Kiệt,401
40109103,Xã Phú Xuân,401
40109104,Xã Phú Lệ,401
40109105,Xã Trung Thành,401
40109106,Xã Trung Sơn,401
40111107,Xã Na Mèo,401
40111108,Xã Sơn Thủy,401
40111109,Xã Sơn Điện,401
40111110,Xã Mường Mìn,401
40111111,Xã Tam Thanh,401
40111112,Xã Tam Lư,401
40111113,Xã Quan Sơn,401
40111114,Xã Trung Hạ,401
40117115,Xã Linh Sơn,401
40117116,Xã Đồng Lương,401
40117117,Xã Văn Phú,401
40117118,Xã Giao An,401
40117119,Xã Yên Khương,401
40117120,Xã Yên Thắng,401
40113121,Xã Văn Nho,401
40113122,Xã Thiết Ống,401
40113123,Xã Bá Thước,401
40113124,Xã Cổ Lũng,401
40113125,Xã Pù Luông,401
40113126,Xã Điền Lư,401
40113127,Xã Điền Quang,401
40113128,Xã Quý Lương,401
40121129,Xã Ngọc Lặc,401
40121130,Xã Thạch Lập,401
40121131,Xã Ngọc Liên,401
40121132,Xã Minh Sơn,401
40121133,Xã Nguyệt Ấn,401
40121134,Xã Kiên Thọ,401
40115135,Xã Cẩm Thạch,401
40115136,Xã Cẩm Thủy,401
40115137,Xã Cẩm Tú,401
40115138,Xã Cẩm Vân,401
40115139,Xã Cẩm Tân,401
40119140,Xã Kim Tân,401
40119141,Xã Vân Du,401
40119142,Xã Ngọc Trạo,401
40119143,Xã Thạch Bình,401
40119144,Xã Thành Vinh,401
40119145,Xã Thạch Quảng,401
40125146,Xã Như Xuân,401
40125147,Xã Thượng Ninh,401
40125148,Xã Xuân Bình,401
40125149,Xã Hóa Quỳ,401
40125150,Xã Thanh Quân,401
40125151,Xã Thanh Phong,401
40127152,Xã Xuân Du,401
40127153,Xã Mậu Lâm,401
40127154,Xã Như Thanh,401
40127155,Xã Yên Thọ,401
40127156,Xã Xuân Thái,401
40127157,Xã Thanh Kỳ,401
40123158,Xã Bát Mọt,401
40123159,Xã Yên Nhân,401
40123160,Xã Lương Sơn,401
40123161,Xã Thường Xuân,401
40123162,Xã Luận Thành,401
40123163,Xã Tân Thành,401
40123164,Xã Vạn Xuân,401
40123165,Xã Thắng Lộc,401
40123166,Xã Xuân Chinh,401
40327001,Xã Anh Sơn,403
40327002,Xã Yên Xuân,403
40327003,Xã Nhân Hoà,403
40327004,Xã Anh Sơn Đông,403
40327005,Xã Vĩnh Tường,403
40327006,Xã Thành Bình Thọ,403
40321007,Xã Con Cuông,403
40321008,Xã Môn Sơn,403
40321009,Xã Mậu Thạch,403
40321010,Xã Cam Phục,403
40321011,Xã Châu Khê,403
40321012,Xã Bình Chuẩn,403
40325013,Xã Diễn Châu,403
40325014,Xã Đức Châu,403
40325015,Xã Quảng Châu,403
40325016,Xã Hải Châu,403
40325017,Xã Tân Châu,403
40325018,Xã An Châu,403
40325019,Xã Minh Châu,403
40325020,Xã Hùng Châu,403
40329021,Xã Đô Lương,403
40329022,Xã Bạch Ngọc,403
40329023,Xã Văn Hiến,403
40329024,Xã Bạch Hà,403
40329025,Xã Thuần Trung,403
40329026,Xã Lương Sơn,403
40339027,Phường Hoàng Mai,403
40339028,Phường Tân Mai,403
40339029,Phường Quỳnh Mai,403
40337030,Xã Hưng Nguyên,403
40337031,Xã Yên Trung,403
40337032,Xã Hưng Nguyên Nam,403
40337033,Xã Lam Thành,403
40309034,Xã Mường Xén,403
40309035,Xã Hữu Kiệm,403
40309036,Xã Nậm Cắn,403
40309037,Xã Chiêu Lưu,403
40309038,Xã Na Loi,403
40309039,Xã Mường Típ,403
40309040,Xã Na Ngoi,403
40309041,Xã Mỹ Lý,403
40309042,Xã Bắc Lý,403
40309043,Xã Keng Đu,403
40309044,Xã Huồi Tụ,403
40309045,Xã Mường Lống,403
40335046,Xã Vạn An,403
40335047,Xã Nam Đàn,403
40335048,Xã Đại Huệ,403
40335049,Xã Thiên Nhẫn,403
40335050,Xã Kim Liên,403
40313051,Xã Nghĩa Đàn,403
40313052,Xã Nghĩa Thọ,403
40313053,Xã Nghĩa Lâm,403
40313054,Xã Nghĩa Mai,403
40313055,Xã Nghĩa Hưng,403
40313056,Xã Nghĩa Khánh,403
40313057,Xã Nghĩa Lộc,403
40333058,Xã Nghi Lộc,403
40333059,Xã Phúc Lộc,403
40333060,Xã Đông Lộc,403
40333061,Xã Trung Lộc,403
40333062,Xã Thần Lĩnh,403
40333063,Xã Hải Lộc,403
40333064,Xã Văn Kiều,403
40305065,Xã Quế Phong,403
40305066,Xã Tiền Phong,403
40305067,Xã Tri Lễ,403
40305068,Xã Mường Quàng,403
40305069,Xã Thông Thụ,403
40307070,Xã Quỳ Châu,403
40307071,Xã Châu Tiến,403
40307072,Xã Hùng Chân,403
40307073,Xã Châu Bình,403
40311074,Xã Quỳ Hợp,403
40311075,Xã Tam Hợp,403
40311076,Xã Châu Lộc,403
40311077,Xã Châu Hồng,403
40311078,Xã Mường Ham,403
40311079,Xã Mường Chọng,403
40311080,Xã Minh Hợp,403
40317081,Xã Quỳnh Lưu,403
40317082,Xã Quỳnh Văn,403
40317083,Xã Quỳnh Anh,403
40317084,Xã Quỳnh Tam,403
40317085,Xã Quỳnh Phú,403
40317086,Xã Quỳnh Sơn,403
40317087,Xã Quỳnh Thắng,403
40319088,Xã Tân Kỳ,403
40319089,Xã Tân Phú,403
40319090,Xã Tân An,403
40319091,Xã Nghĩa Đồng,403
40319092,Xã Giai Xuân,403
40319093,Xã Nghĩa Hành,403
40319094,Xã Tiên Đồng,403
40314095,Phường Thái Hoà,403
40314096,Phường Tây Hiếu,403
40314097,Xã Đông Hiếu,403
40331098,Xã Cát Ngạn,403
40331099,Xã Tam Đồng,403
40331100,Xã Hạnh Lâm,403
40331101,Xã Sơn Lâm,403
40331102,Xã Hoa Quân,403
40331103,Xã Kim Bảng,403
40331104,Xã Bích Hào,403
40331105,Xã Đại Đồng,403
40331106,Xã Xuân Lâm,403
40315107,Xã Tam Quang,403
40315108,Xã Tam Thái,403
40315109,Xã Tương Dương,403
40315110,Xã Lượng Minh,403
40315111,Xã Yên Na,403
40315112,Xã Yên Hoà,403
40315113,Xã Nga My,403
40315114,Xã Hữu Khuông,403
40315115,Xã Nhôn Mai,403
40301116,Phường Trường Vinh,403
40301117,Phường Thành Vinh,403
40301118,Phường Vinh Hưng,403
40301119,Phường Vinh Phú,403
40301120,Phường Vinh Lộc,403
40301121,Phường Cửa Lò,403
40323122,Xã Yên Thành,403
40323123,Xã Quan Thành,403
40323124,Xã Hợp Minh,403
40323125,Xã Vân Tụ,403
40323126,Xã Vân Du,403
40323127,Xã Quang Đồng,403
40323128,Xã Giai Lạc,403
40323129,Xã Bình Minh,403
40323130,Xã Đông Thành,403
40520001,Phường Sông Trí,405
40520002,Phường Hải Ninh,405
40520003,Phường Hoành Sơn,405
40520004,Phường Vũng Áng,405
40519005,Xã Kỳ Xuân,405
40519006,Xã Kỳ Anh,405
40519007,Xã Kỳ Hoa,405
40519008,Xã Kỳ Văn,405
40519009,Xã Kỳ Khang,405
40519010,Xã Kỳ Lạc,405
40519011,Xã Kỳ Thượng,405
40515012,Xã Cẩm Xuyên,405
40515013,Xã Thiên Cầm,405
40515014,Xã Cẩm Duệ,405
40515015,Xã Cẩm Hưng,405
40515016,Xã Cẩm Lạc,405
40515017,Xã Cẩm Trung,405
40515018,Xã Yên Hoà,405
40501019,Phường Thành Sen,405
40501020,Phường Trần Phú,405
40501021,Phường Hà Huy Tập,405
40501022,Xã Thạch Lạc,405
40501023,Xã Đồng Tiến,405
40501024,Xã Thạch Khê,405
40501025,Xã Cẩm Bình,405
40513026,Xã Thạch Hà,405
40513027,Xã Toàn Lưu,405
40513028,Xã Việt Xuyên,405
40513029,Xã Đông Kinh,405
40513030,Xã Thạch Xuân,405
40513031,Xã Lộc Hà,405
40513032,Xã Hồng Lộc,405
40513033,Xã Mai Phụ,405
40511034,Xã Can Lộc,405
40511035,Xã Tùng Lộc,405
40511036,Xã Gia Hanh,405
40511037,Xã Trường Lưu,405
40511038,Xã Xuân Lộc,405
40511039,Xã Đồng Lộc,405
40503040,Phường Bắc Hồng Lĩnh,405
40503041,Phường Nam Hồng Lĩnh,405
40505042,Xã Tiên Điền,405
40505043,Xã Nghi Xuân,405
40505044,Xã Cổ Đạm,405
40505045,Xã Đan Hải,405
40507046,Xã Đức Thọ,405
40507047,Xã Đức Quang,405
40507048,Xã Đức Đồng,405
40507049,Xã Đức Thịnh,405
40507050,Xã Đức Minh,405
40509051,Xã Hương Sơn,405
40509052,Xã Sơn Tây,405
40509053,Xã Tứ Mỹ,405
40509054,Xã Sơn Giang,405
40509055,Xã Sơn Tiến,405
40509056,Xã Sơn Hồng,405
40509057,Xã Kim Hoa,405
40521058,Xã Vũ Quang,405
40521059,Xã Mai Hoa,405
40521060,Xã Thượng Đức,405
40517061,Xã Hương Khê,405
40517062,Xã Hương Phố,405
40517063,Xã Hương Đô,405
40517064,Xã Hà Linh,405
40517065,Xã Hương Bình,405
40517066,Xã Phúc Trạch,405
40517067,Xã Hương Xuân,405
40509068,Xã Sơn Kim 1,405
40509069,Xã Sơn Kim 2,405
40701001,Phường Đồng Hới,409
40701002,Phường Đồng Thuận,409
40701003,Phường Đồng Sơn,409
40715004,Xã Nam Gianh,409
40715005,Xã Nam Ba Đồn,409
40715006,Phường Ba Đồn,409
40715007,Phường Bắc Gianh,409
40705008,Xã Dân Hóa,409
40705009,Xã Kim Điền,409
40705010,Xã Kim Phú,409
40705011,Xã Minh Hóa,409
40705012,Xã Tân Thành,409
40703013,Xã Tuyên Lâm,409
40703014,Xã Tuyên Sơn,409
40703015,Xã Đồng Lê,409
40703016,Xã Tuyên Phú,409
40703017,Xã Tuyên Bình,409
40703018,Xã Tuyên Hóa,409
40707019,Xã Tân Gianh,409
40707020,Xã Trung Thuần,409
40707021,Xã Quảng Trạch,409
40707022,Xã Hoà Trạch,409
40707023,Xã Phú Trạch,409
40709024,Xã Thượng Trạch,409
40709025,Xã Phong Nha,409
40709026,Xã Bắc Trạch,409
40709027,Xã Đông Trạch,409
40709028,Xã Hoàn Lão,409
40709029,Xã Bố Trạch,409
40709030,Xã Nam Trạch,409
40711031,Xã Quảng Ninh,409
40711032,Xã Ninh Châu,409
40711033,Xã Trường Ninh,409
40711034,Xã Trường Sơn,409
40713035,Xã Lệ Thủy,409
40713036,Xã Cam Hồng,409
40713037,Xã Sen Ngư,409
40713038,Xã Tân Mỹ,409
40713039,Xã Trường Phú,409
40713040,Xã Lệ Ninh,409
40713041,Xã Kim Ngân,409
40901042,Phường Đông Hà,409
40901043,Phường Nam Đông Hà,409
40903044,Phường Quảng Trị,409
40905045,Xã Vĩnh Linh,409
40905046,Xã Cửa Tùng,409
40905047,Xã Vĩnh Hoàng,409
40905048,Xã Vĩnh Thủy,409
40905049,Xã Bến Quan,409
40907050,Xã Cồn Tiên,409
40907051,Xã Cửa Việt,409
40907052,Xã Gio Linh,409
40907053,Xã Bến Hải,409
40915054,Xã Hướng Lập,409
40915055,Xã Hướng Phùng,409
40915056,Xã Khe Sanh,409
40915057,Xã Tân Lập,409
40915058,Xã Lao Bảo,409
40915059,Xã Lìa,409
40915060,Xã A Dơi,409
40917061,Xã La Lay,409
40917062,Xã Tà Rụt,409
40917063,Xã Đakrông,409
40917064,Xã Ba Lòng,409
40917065,Xã Hướng Hiệp,409
40909066,Xã Cam Lộ,409
40909067,Xã Hiếu Giang,409
40911068,Xã Triệu Phong,409
40911069,Xã Ái Tử,409
40911070,Xã Triệu Bình,409
40911071,Xã Triệu Cơ,409
40911072,Xã Nam Cửa Việt,409
40913073,Xã Diên Sanh,409
40913074,Xã Mỹ Thủy,409
40913075,Xã Hải Lăng,409
40913076,Xã Vĩnh Định,409
40913077,Xã Nam Hải Lăng,409
40919078,Đặc khu Cồn Cỏ,409
41109001,Phường Thuận An,411
41119002,Phường Hóa Châu,411
41109003,Phường Mỹ Thượng,411
41101004,Phường Vỹ Dạ,411
41101005,Phường Thuận Hóa,411
41101006,Phường An Cựu,411
41101007,Phường Thủy Xuân,411
41119008,Phường Kim Long,411
41119009,Phường Hương An,411
41119010,Phường Phú Xuân,411
41107011,Phường Hương Trà,411
41107012,Phường Kim Trà,411
41111013,Phường Thanh Thủy,411
41111014,Phường Hương Thủy,411
41111015,Phường Phú Bài,411
41103016,Phường Phong Điền,411
41103017,Phường Phong Thái,411
41103018,Phường Phong Dinh,411
41103019,Phường Phong Phú,411
41105020,Phường Phong Quảng,411
41105021,Xã Đan Điền,411
41105022,Xã Quảng Điền,411
41109023,Xã Phú Vinh,411
41109024,Xã Phú Hồ,411
41109025,Xã Phú Vang,411
41113026,Xã Vinh Lộc,411
41113027,Xã Hưng Lộc,411
41113028,Xã Lộc An,411
41113029,Xã Phú Lộc,411
41113030,Xã Chân Mây – Lăng Cô,411
41113031,Xã Long Quảng,411
41113032,Xã Nam Đông,411
41113033,Xã Khe Tre,411
41107034,Xã Bình Điền,411
41115035,Xã A Lưới 1,411
41115036,Xã A Lưới 2,411
41115037,Xã A Lưới 3,411
41115038,Xã A Lưới 4,411
41115039,Xã A Lưới 5,411
41101040,Phường Dương Nỗ,411
50101001,Phường Hải Châu,501
50101002,Phường Hoà Cường,501
50103003,Phường Thanh Khê,501
50115004,Phường An Khê,501
50105005,Phường An Hải,501
50105006,Phường Sơn Trà,501
50107007,Phường Ngũ Hành Sơn,501
50109008,Phường Hoà Khánh,501
50109009,Phường Hải Vân,501
50109010,Phường Liên Chiểu,501
50115011,Phường Cẩm Lệ,501
50111012,Phường Hoà Xuân,501
50111013,Xã Hoà Vang,501
50111014,Xã Hoà Tiến,501
50111015,Xã Bà Nà,501
50113016,Đặc khu Hoàng Sa,501
50325017,Xã Núi Thành,501
50325018,Xã Tam Mỹ,501
50325019,Xã Tam Anh,501
50325020,Xã Đức Phú,501
50325021,Xã Tam Xuân,501
50325022,Xã Tam Hải,501
50301023,Phường Tam Kỳ,501
50301024,Phường Quảng Phú,501
50301025,Phường Hương Trà,501
50301026,Phường Bàn Thạch,501
50302027,Xã Tây Hồ,501
50302028,Xã Chiên Đàn,501
50302029,Xã Phú Ninh,501
50321030,Xã Lãnh Ngọc,501
50321031,Xã Tiên Phước,501
50321032,Xã Thạnh Bình,501
50321033,Xã Sơn Cẩm Hà,501
50327034,Xã Trà Liên,501
50327035,Xã Trà Giáp,501
50327036,Xã Trà Tân,501
50327037,Xã Trà Đốc,501
50327038,Xã Trà My,501
50329039,Xã Nam Trà My,501
50329040,Xã Trà Tập,501
50329041,Xã Trà Vân,501
50329042,Xã Trà Linh,501
50329043,Xã Trà Leng,501
50315044,Xã Thăng Bình,501
50315045,Xã Thăng An,501
50315046,Xã Thăng Trường,501
50315047,Xã Thăng Điền,501
50315048,Xã Thăng Phú,501
50315049,Xã Đồng Dương,501
50317050,Xã Quế Sơn Trung,501
50317051,Xã Quế Sơn,501
50317052,Xã Xuân Phú,501
50317053,Xã Nông Sơn,501
50317054,Xã Quế Phước,501
50311055,Xã Duy Nghĩa,501
50311056,Xã Nam Phước,501
50311057,Xã Duy Xuyên,501
50311058,Xã Thu Bồn,501
50309059,Phường Điện Bàn,501
50309060,Phường Điện Bàn Đông,501
50309061,Phường An Thắng,501
50309062,Phường Điện Bàn Bắc,501
50309063,Xã Điện Bàn Tây,501
50309064,Xã Gò Nổi,501
50303065,Phường Hội An,501
50303066,Phường Hội An Đông,501
50303067,Phường Hội An Tây,501
50303068,Xã Tân Hiệp,501
50307069,Xã Đại Lộc,501
50307070,Xã Hà Nha,501
50307071,Xã Thượng Đức,501
50307072,Xã Vu Gia,501
50307073,Xã Phú Thuận,501
50313074,Xã Thạnh Mỹ,501
50313075,Xã Bến Giằng,501
50313076,Xã Nam Giang,501
50313077,Xã Đắc Pring,501
50313078,Xã La Dêê,501
50313079,Xã La Êê,501
50305080,Xã Sông Vàng,501
50305081,Xã Sông Kôn,501
50305082,Xã Đông Giang,501
50305083,Xã Bến Hiên,501
50304084,Xã Avương,501
50304085,Xã Tây Giang,501
50304086,Xã Hùng Sơn,501
50319087,Xã Hiệp Đức,501
50319088,Xã Việt An,501
50319089,Xã Phước Trà,501
50323090,Xã Khâm Đức,501
50323091,Xã Phước Năng,501
50323092,Xã Phước Chánh,501
50323093,Xã Phước Thành,501
50323094,Xã Phước Hiệp,501
50501001,Xã Tịnh Khê,505
50501002,Phường Trương Quang Trọng,505
50501003,Xã An Phú,505
50501004,Phường Cẩm Thành,505
50501005,Phường Nghĩa Lộ,505
50523006,Phường Trà Câu,505
50523007,Xã Nguyễn Nghiêm,505
50523008,Phường Đức Phổ,505
50523009,Xã Khánh Cường,505
50523010,Phường Sa Huỳnh,505
50505011,Xã Bình Minh,505
50505012,Xã Bình Chương,505
50505013,Xã Bình Sơn,505
50505014,Xã Vạn Tường,505
50505015,Xã Đông Sơn,505
50509016,Xã Trường Giang,505
50509017,Xã Ba Gia,505
50509018,Xã Sơn Tịnh,505
50509019,Xã Thọ Phong,505
50515020,Xã Tư Nghĩa,505
50515021,Xã Vệ Giang,505
50515022,Xã Nghĩa Giang,505
50515023,Xã Trà Giang,505
50517024,Xã Nghĩa Hành,505
50517025,Xã Đình Cương,505
50517026,Xã Thiện Tín,505
50517027,Xã Phước Giang,505
50521028,Xã Long Phụng,505
50521029,Xã Mỏ Cày,505
50521030,Xã Mộ Đức,505
50521031,Xã Lân Phong,505
50507032,Xã Trà Bồng,505
50507033,Xã Đông Trà Bồng,505
50507034,Xã Tây Trà,505
50507035,Xã Thanh Bồng,505
50507036,Xã Cà Đam,505
50507037,Xã Tây Trà Bồng,505
50513038,Xã Sơn Hạ,505
50513039,Xã Sơn Linh,505
50513040,Xã Sơn Hà,505
50513041,Xã Sơn Thủy,505
50513042,Xã Sơn Kỳ,505
50511043,Xã Sơn Tây,505
50511044,Xã Sơn Tây Thượng,505
50511045,Xã Sơn Tây Hạ,505
50519046,Xã Minh Long,505
50519047,Xã Sơn Mai,505
50525048,Xã Ba Vì,505
50525049,Xã Ba Tô,505
50525050,Xã Ba Dinh,505
50525051,Xã Ba Tơ,505
50525052,Xã Ba Vinh,505
50525053,Xã Ba Động,505
50525054,Xã Đặng Thùy Trâm,505
50525055,Xã Ba Xa,505
50503056,Đặc khu Lý Sơn,505
60101057,Phường Kon Tum,505
60101058,Phường Đăk Cấm,505
60101059,Phường Đăk BLa,505
60101060,Xã Ngọk Bay,505
60101061,Xã Ia Chim,505
60101062,Xã Đăk Rơ Wa,505
60111063,Xã Đăk Pxi,505
60111064,Xã Đăk Mar,505
60111065,Xã Đăk Ui,505
60111066,Xã Ngọk Réo,505
60111067,Xã Đăk Hà,505
60107068,Xã Ngọk Tụ,505
60107069,Xã Đăk Tô,505
60107070,Xã Kon Đào,505
60115071,Xã Đăk Sao,505
60115072,Xã Đăk Tờ Kan,505
60115073,Xã Tu Mơ Rông,505
60115074,Xã Măng Ri,505
60105075,Xã Bờ Y,505
60105076,Xã Sa Loong,505
60105077,Xã Dục Nông,505
60103078,Xã Xốp,505
60103079,Xã Ngọc Linh,505
60103080,Xã Đăk Plô,505
60103081,Xã Đăk Pék,505
60103082,Xã Đăk Môn,505
60113083,Xã Sa Thầy,505
60113084,Xã Sa Bình,505
60113085,Xã Ya Ly,505
60114086,Xã Ia Tơi,505
60108087,Xã Đăk Kôi,505
60108088,Xã Kon Braih,505
60108089,Xã Đăk Rve,505
60109090,Xã Măng Đen,505
60109091,Xã Măng Bút,505
60109092,Xã Kon Plông,505
60103093,Xã Đăk Long,505
60113094,Xã Rờ Kơi,505
60113095,Xã Mô Rai,505
60114096,Xã Ia Đal,505
51101001,Phường Nha Trang,511
51101002,Phường Bắc Nha Trang,511
51101003,Phường Tây Nha Trang,511
51101004,Phường Nam Nha Trang,511
51109005,Phường Bắc Cam Ranh,511
51109006,Phường Cam Ranh,511
51109007,Phường Cam Linh,511
51109008,Phường Ba Ngòi,511
51109009,Xã Nam Cam Ranh,511
51105010,Xã Bắc Ninh Hoà,511
51105011,Phường Ninh Hoà,511
51105012,Xã Tân Định,511
51105013,Phường Đông Ninh Hoà,511
51105014,Phường Hoà Thắng,511
51105015,Xã Nam Ninh Hoà,511
51105016,Xã Tây Ninh Hoà,511
51105017,Xã Hoà Trí,511
51103018,Xã Đại Lãnh,511
51103019,Xã Tu Bông,511
51103020,Xã Vạn Thắng,511
51103021,Xã Vạn Ninh,511
51103022,Xã Vạn Hưng,511
51107023,Xã Diên Khánh,511
51107024,Xã Diên Lạc,511
51107025,Xã Diên Điền,511
51107026,Xã Diên Lâm,511
51107027,Xã Diên Thọ,511
51107028,Xã Suối Hiệp,511
51117029,Xã Cam Lâm,511
51117030,Xã Suối Dầu,511
51117031,Xã Cam Hiệp,511
51117032,Xã Cam An,511
51111033,Xã Bắc Khánh Vĩnh,511
51111034,Xã Trung Khánh Vĩnh,511
51111035,Xã Tây Khánh Vĩnh,511
51111036,Xã Nam Khánh Vĩnh,511
51111037,Xã Khánh Vĩnh,511
51113038,Xã Khánh Sơn,511
51113039,Xã Tây Khánh Sơn,511
51113040,Xã Đông Khánh Sơn,511
51115041,Đặc khu Trường Sa,511
70501042,Phường Phan Rang,511
70501043,Phường Đông Hải,511
70505044,Phường Ninh Chử,511
70501045,Phường Bảo An,511
70501046,Phường Đô Vinh,511
70507047,Xã Ninh Phước,511
70507048,Xã Phước Hữu,511
70507049,Xã Phước Hậu,511
70513050,Xã Thuận Nam,511
70513051,Xã Cà Ná,511
70513052,Xã Phước Hà,511
70513053,Xã Phước Dinh,511
70505054,Xã Ninh Hải,511
70505055,Xã Xuân Hải,511
70505056,Xã Vĩnh Hải,511
70511057,Xã Thuận Bắc,511
70511058,Xã Công Hải,511
70503059,Xã Ninh Sơn,511
70503060,Xã Lâm Sơn,511
70503061,Xã Anh Dũng,511
70503062,Xã Mỹ Sơn,511
70509063,Xã Bác Ái Đông,511
70509064,Xã Bác Ái,511
70509065,Xã Bác Ái Tây,511
50701001,Phường Quy Nhơn,603
50701002,Phường Quy Nhơn Đông,603
50701003,Phường Quy Nhơn Tây,603
50701004,Phường Quy Nhơn Nam,603
50701005,Phường Quy Nhơn Bắc,603
50717006,Phường Bình Định,603
50717007,Phường An Nhơn,603
50717008,Phường An Nhơn Đông,603
50717009,Phường An Nhơn Nam,603
50717010,Phường An Nhơn Bắc,603
50717011,Xã An Nhơn Tây,603
50705012,Phường Bồng Sơn,603
50705013,Phường Hoài Nhơn,603
50705014,Phường Tam Quan,603
50705015,Phường Hoài Nhơn Đông,603
50705016,Phường Hoài Nhơn Tây,603
50705017,Phường Hoài Nhơn Nam,603
50705018,Phường Hoài Nhơn Bắc,603
50713019,Xã Phù Cát,603
50713020,Xã Xuân An,603
50713021,Xã Ngô Mây,603
50713022,Xã Cát Tiến,603
50713023,Xã Đề Gi,603
50713024,Xã Hoà Hội,603
50713025,Xã Hội Sơn,603
50709026,Xã Phù Mỹ,603
50709027,Xã An Lương,603
50709028,Xã Bình Dương,603
50709029,Xã Phù Mỹ Đông,603
50709030,Xã Phù Mỹ Tây,603
50709031,Xã Phù Mỹ Nam,603
50709032,Xã Phù Mỹ Bắc,603
50719033,Xã Tuy Phước,603
50719034,Xã Tuy Phước Đông,603
50719035,Xã Tuy Phước Tây,603
50719036,Xã Tuy Phước Bắc,603
50715037,Xã Tây Sơn,603
50715038,Xã Bình Khê,603
50715039,Xã Bình Phú,603
50715040,Xã Bình Hiệp,603
50715041,Xã Bình An,603
50707042,Xã Hoài Ân,603
50707043,Xã Ân Tường,603
50707044,Xã Kim Sơn,603
50707045,Xã Vạn Đức,603
50707046,Xã Ân Hảo,603
50721047,Xã Vân Canh,603
50721048,Xã Canh Vinh,603
50721049,Xã Canh Liên,603
50711050,Xã Vĩnh Thạnh,603
50711051,Xã Vĩnh Thịnh,603
50711052,Xã Vĩnh Quang,603
50711053,Xã Vĩnh Sơn,603
50703054,Xã An Hoà,603
50703055,Xã An Lão,603
50703056,Xã An Vinh,603
50703057,Xã An Toàn,603
60301058,Phường Pleiku,603
60301059,Phường Hội Phú,603
60301060,Phường Thống Nhất,603
60301061,Phường Diên Hồng,603
60301062,Phường An Phú,603
60301063,Xã Biển Hồ,603
60301064,Xã Gào,603
60307065,Xã Ia Ly,603
60307066,Xã Chư Păh,603
60307067,Xã Ia Khươl,603
60307068,Xã Ia Phí,603
60317069,Xã Chư Prông,603
60317070,Xã Bàu Cạn,603
60317071,Xã Ia Boòng,603
60317072,Xã Ia Lâu,603
60317073,Xã Ia Pia,603
60317074,Xã Ia Tôr,603
60319075,Xã Chư Sê,603
60319076,Xã Bờ Ngoong,603
60319077,Xã Ia Ko,603
60319078,Xã Albá,603
60331079,Xã Chư Pưh,603
60331080,Xã Ia Le,603
60331081,Xã Ia Hrú,603
60311082,Phường An Khê,603
60311083,Phường An Bình,603
60311084,Xã Cửu An,603
60327085,Xã Đak Pơ,603
60327086,Xã Ya Hội,603
60303087,Xã Kbang,603
60303088,Xã Kông Bơ La,603
60303089,Xã Tơ Tung,603
60303090,Xã Sơn Lang,603
60303091,Xã Đak Rong,603
60313092,Xã Kông Chro,603
60313093,Xã Ya Ma,603
60313094,Xã Chư Krey,603
60313095,Xã SRó,603
60313096,Xã Đăk Song,603
60313097,Xã Chơ Long,603
60321098,Phường Ayun Pa,603
60321099,Xã Ia Rbol,603
60321100,Xã Ia Sao,603
60329101,Xã Phú Thiện,603
60329102,Xã Chư A Thai,603
60329103,Xã Ia Hiao,603
60320104,Xã Pờ Tó,603
60320105,Xã Ia Pa,603
60320106,Xã Ia Tul,603
60323107,Xã Phú Túc,603
60323108,Xã Ia Dreh,603
60323109,Xã Ia Rsai,603
60323110,Xã Uar,603
60325111,Xã Đak Đoa,603
60325112,Xã Kon Gang,603
60325113,Xã Ia Băng,603
60325114,Xã KDang,603
60325115,Xã Đak Sơmei,603
60305116,Xã Mang Yang,603
60305117,Xã Lơ Pang,603
60305118,Xã Kon Chiêng,603
60305119,Xã Hra,603
60305120,Xã Ayun,603
60309121,Xã Ia Grai,603
60309122,Xã Ia Krái,603
60309123,Xã Ia Hrung,603
60315124,Xã Đức Cơ,603
60315125,Xã Ia Dơk,603
60315126,Xã Ia Krêl,603
50701127,Xã Nhơn Châu,603
60317128,Xã Ia Púch,603
60317129,Xã Ia Mơ,603
60315130,Xã Ia Pnôn,603
60315131,Xã Ia Nan,603
60315132,Xã Ia Dom,603
60309133,Xã Ia Chia,603
60309134,Xã Ia O,603
60303135,Xã Krong,603
60501001,Xã Hoà Phú,605
60501002,Phường Buôn Ma Thuột,605
60501003,Phường Tân An,605
60501004,Phường Tân Lập,605
60501005,Phường Thành Nhất,605
60501006,Phường Ea Kao,605
60509007,Xã Ea Drông,605
60509008,Phường Buôn Hồ,605
60509009,Phường Cư Bao,605
60505010,Xã Ea Súp,605
60505011,Xã Ea Rốk,605
60505012,Xã Ea Bung,605
60505013,Xã Ia Rvê,605
60505014,Xã Ia Lốp,605
60511015,Xã Ea Wer,605
60511016,Xã Ea Nuôl,605
60511017,Xã Buôn Đôn,605
60513018,Xã Ea Kiết,605
60513019,Xã Ea M’Droh,605
60513020,Xã Quảng Phú,605
60513021,Xã Cuôr Đăng,605
60513022,Xã Cư M’gar,605
60513023,Xã Ea Tul,605
60539024,Xã Pơng Drang,605
60539025,Xã Krông Búk,605
60539026,Xã Cư Pơng,605
60503027,Xã Ea Khăl,605
60503028,Xã Ea Drăng,605
60503029,Xã Ea Wy,605
60503030,Xã Ea H’leo,605
60503031,Xã Ea Hiao,605
60507032,Xã Krông Năng,605
60507033,Xã Dliê Ya,605
60507034,Xã Tam Giang,605
60507035,Xã Phú Xuân,605
60519036,Xã Krông Pắc,605
60519037,Xã Ea Knuếc,605
60519038,Xã Tân Tiến,605
60519039,Xã Ea Phê,605
60519040,Xã Ea Kly,605
60519041,Xã Vụ Bổn,605
60515042,Xã Ea Kar,605
60515043,Xã Ea Ô,605
60515044,Xã Ea Knốp,605
60515045,Xã Cư Yang,605
60515046,Xã Ea Păl,605
60517047,Xã M’Drắk,605
60517048,Xã Ea Riêng,605
60517049,Xã Cư M’ta,605
60517050,Xã Krông Á,605
60517051,Xã Cư Prao,605
60517052,Xã Ea Trang,605
60525053,Xã Hoà Sơn,605
60525054,Xã Dang Kang,605
60525055,Xã Krông Bông,605
60525056,Xã Yang Mao,605
60525057,Xã Cư Pui,605
60531058,Xã Liên Sơn Lắk,605
60531059,Xã Đắk Liêng,605
60531060,Xã Nam Ka,605
60531061,Xã Đắk Phơi,605
60531062,Xã Krông Nô,605
60537063,Xã Ea Ning,605
60537064,Xã Dray Bhăng,605
60537065,Xã Ea Ktur,605
60523066,Xã Krông Ana,605
60523067,Xã Dur Kmăl,605
60523068,Xã Ea Na,605
50901069,Phường Tuy Hòa,605
50901070,Phường Phú Yên,605
50901071,Phường Bình Kiến,605
50905072,Xã Xuân Thọ,605
50905073,Xã Xuân Cảnh,605
50905074,Xã Xuân Lộc,605
50905075,Phường Xuân Đài,605
50905076,Phường Sông Cầu,605
50911077,Xã Hòa Xuân,605
50911078,Phường Đông Hòa,605
50911079,Phường Hòa Hiệp,605
50907080,Xã Tuy An Bắc,605
50907081,Xã Tuy An Đông,605
50907082,Xã Ô Loan,605
50907083,Xã Tuy An Nam,605
50907084,Xã Tuy An Tây,605
50915085,Xã Phú Hòa 1,605
50915086,Xã Phú Hòa 2,605
50912087,Xã Tây Hòa,605
50912088,Xã Hòa Thịnh,605
50912089,Xã Hòa Mỹ,605
50912090,Xã Sơn Thành,605
50909091,Xã Sơn Hòa,605
50909092,Xã Vân Hòa,605
50909093,Xã Tây Sơn,605
50909094,Xã Suối Trai,605
50913095,Xã Ea Ly,605
50913096,Xã Ea Bá,605
50913097,Xã Đức Bình,605
50913098,Xã Sông Hinh,605
50903099,Xã Xuân Lãnh,605
50903100,Xã Phú Mỡ,605
50903101,Xã Xuân Phước,605
50903102,Xã Đồng Xuân,605
70301001,Phường Xuân Hương - Đà Lạt,703
70301002,Phường Cam Ly - Đà Lạt,703
70301003,Phường Lâm Viên - Đà Lạt,703
70301004,Phường Xuân Trường - Đà Lạt,703
70305005,Phường Langbiang - Đà Lạt,703
70303006,Phường 1 Bảo Lộc,703
70303007,Phường 2 Bảo Lộc,703
70303008,Phường 3 Bảo Lộc,703
70303009,Phường B' Lao,703
70305010,Xã Lạc Dương,703
70307011,Xã Đơn Dương,703
70307012,Xã Ka Đô,703
70307013,Xã Quảng Lập,703
70307014,Xã D'Ran,703
70309015,Xã Hiệp Thạnh,703
70309016,Xã Đức Trọng,703
70309017,Xã Tân Hội,703
70309018,Xã Tà Hine,703
70309019,Xã Tà Năng,703
70311020,Xã Đinh Văn - Lâm Hà,703
70311021,Xã Phú Sơn - Lâm Hà,703
70311022,Xã Nam Hà - Lâm Hà,703
70311023,Xã Nam Ban - Lâm Hà,703
70311024,Xã Tân Hà - Lâm Hà,703
70311025,Xã Phúc Thọ - Lâm Hà,703
70323026,Xã Đam Rông 1,703
70323027,Xã Đam Rông 2,703
70323028,Xã Đam Rông 3,703
70323029,Xã Đam Rông 4,703
70315030,Xã Di Linh,703
70315031,Xã Hoà Ninh,703
70315032,Xã Hoà Bắc,703
70315033,Xã Đinh Trang Thượng,703
70315034,Xã Bảo Thuận,703
70315035,Xã Sơn Điền,703
70315036,Xã Gia Hiệp,703
70313037,Xã Bảo Lâm 1,703
70313038,Xã Bảo Lâm 2,703
70313039,Xã Bảo Lâm 3,703
70313040,Xã Bảo Lâm 4,703
70313041,Xã Bảo Lâm 5,703
70317042,Xã Đạ Huoai,703
70317043,Xã Đạ Huoai 2,703
70317044,Xã Đạ Huoai 3,703
70317045,Xã Đạ Tẻh,703
70317046,Xã Đạ Tẻh 2,703
70317047,Xã Đạ Tẻh 3,703
70317048,Xã Cát Tiên,703
70317049,Xã Cát Tiên 2,703
70317050,Xã Cát Tiên 3,703
71501051,Phường Hàm Thắng,703
71501052,Phường Bình Thuận,703
71501053,Phường Mũi Né,703
71501054,Phường Phú Thuỷ,703
71501055,Phường Phan Thiết,703
71501056,Phường Tiến Thành,703
71513057,Phường La Gi,703
71513058,Phường Phước Hội,703
71501059,Xã Tuyên Quang,703
71513060,Xã Tân Hải,703
71503061,Xã Vĩnh Hảo,703
71503062,Xã Liên Hương,703
71503063,Xã Tuy Phong,703
71503064,Xã Phan Rí Cửa,703
71505065,Xã Bắc Bình,703
71505066,Xã Hồng Thái,703
71505067,Xã Hải Ninh,703
71505068,Xã Phan Sơn,703
71505069,Xã Sông Lũy,703
71505070,Xã Lương Sơn,703
71505071,Xã Hoà Thắng,703
71507072,Xã Đông Giang,703
71507073,Xã La Dạ,703
71507074,Xã Hàm Thuận Bắc,703
71507075,Xã Hàm Thuận,703
71507076,Xã Hồng Sơn,703
71507077,Xã Hàm Liêm,703
71509078,Xã Hàm Thạnh,703
71509079,Xã Hàm Kiệm,703
71509080,Xã Tân Thành,703
71509081,Xã Hàm Thuận Nam,703
71509082,Xã Tân Lập,703
71514083,Xã Tân Minh,703
71514084,Xã Hàm Tân,703
71514085,Xã Sơn Mỹ,703
71511086,Xã Bắc Ruộng,703
71511087,Xã Nghị Đức,703
71511088,Xã Đồng Kho,703
71511089,Xã Tánh Linh,703
71511090,Xã Suối Kiết,703
71515091,Xã Nam Thành,703
71515092,Xã Đức Linh,703
71515093,Xã Hoài Đức,703
71515094,Xã Trà Tân,703
71517095,Đặc khu Phú Quý,703
60613096,Phường Bắc Gia Nghĩa,703
60613097,Phường Nam Gia Nghĩa,703
60613098,Phường Đông Gia Nghĩa,703
60603099,Xã Đắk Wil,703
60603100,Xã Nam Dong,703
60603101,Xã Cư Jút,703
60607102,Xã Thuận An,703
60607103,Xã Đức Lập,703
60607104,Xã Đắk Mil,703
60607105,Xã Đắk Sắk,703
60605106,Xã Nam Đà,703
60605107,Xã Krông Nô,703
60605108,Xã Nâm Nung,703
60605109,Xã Quảng Phú,703
60609110,Xã Đắk song,703
60609111,Xã Đức An,703
60609112,Xã Thuận Hạnh,703
60609113,Xã Trường Xuân,703
60615114,Xã Tà Đùng,703
60615115,Xã Quảng Khê,703
60617116,Xã Quảng Tân,703
60617117,Xã Tuy Đức,703
60611118,Xã Kiến Đức,703
60611119,Xã Nhân Cơ,703
60611120,Xã Quảng Tín,703
70309121,Xã Ninh Gia,703
60615122,Xã Quảng Hoà,703
60615123,Xã Quảng Sơn,703
60617124,Xã Quảng Trực,703
80103001,Xã Hưng Điền,709
80103002,Xã Vĩnh Thạnh,709
80103003,Xã Tân Hưng,709
80103004,Xã Vĩnh Châu,709
80105005,Xã Tuyên Bình,709
80105006,Xã Vĩnh Hưng,709
80105007,Xã Khánh Hưng,709
80129008,Xã Tuyên Thạnh,709
80129009,Xã Bình Hiệp,709
80129010,Phường Kiến Tường,709
80107011,Xã Bình Hoà,709
80107012,Xã Mộc Hoá,709
80109013,Xã Hậu Thạnh,709
80109014,Xã Nhơn Hoà Lập,709
80109015,Xã Nhơn Ninh,709
80109016,Xã Tân Thạnh,709
80111017,Xã Bình Thành,709
80111018,Xã Thạnh Phước,709
80111019,Xã Thạnh Hóa,709
80111020,Xã Tân Tây,709
80119021,Xã Thủ Thừa,709
80119022,Xã Mỹ An,709
80119023,Xã Mỹ Thạnh,709
80119024,Xã Tân Long,709
80113025,Xã Mỹ Quý,709
80113026,Xã Đông Thành,709
80113027,Xã Đức Huệ,709
80115028,Xã An Ninh,709
80115029,Xã Hiệp Hoà,709
80115030,Xã Hậu Nghĩa,709
80115031,Xã Hoà Khánh,709
80115032,Xã Đức Lập,709
80115033,Xã Mỹ Hạnh,709
80115034,Xã Đức Hoà,709
80117035,Xã Thạnh Lợi,709
80117036,Xã Bình Đức,709
80117037,Xã Lương Hoà,709
80117038,Xã Bến Lức,709
80117039,Xã Mỹ Yên,709
80125040,Xã Long Cang,709
80125041,Xã Rạch Kiến,709
80125042,Xã Mỹ Lệ,709
80125043,Xã Tân Lân,709
80125044,Xã Cần Đước,709
80125045,Xã Long Hựu,709
80127046,Xã Phước Lý,709
80127047,Xã Mỹ Lộc,709
80127048,Xã Cần Giuộc,709
80127049,Xã Phước Vĩnh Tây,709
80127050,Xã Tân Tập,709
80123051,Xã Vàm Cỏ,709
80123052,Xã Tân Trụ,709
80123053,Xã Nhựt Tảo,709
80121054,Xã Thuận Mỹ,709
80121055,Xã An Lục Long,709
80121056,Xã Tầm Vu,709
80121057,Xã Vĩnh Công,709
80101058,Phường Long An,709
80101059,Phường Tân An,709
80101060,Phường Khánh Hậu,709
70901061,Phường Tân Ninh,709
70901062,Phường Bình Minh,709
70907063,Phường Ninh Thạnh,709
70911064,Phường Long Hoa,709
70911065,Phường Hoà Thành,709
70911066,Phường Thanh Điền,709
70917067,Phường Trảng Bàng,709
70917068,Phường An Tịnh,709
70915069,Phường Gò Dầu,709
70915070,Phường Gia Lộc,709
70917071,Xã Hưng Thuận,709
70917072,Xã Phước Chỉ,709
70915073,Xã Thạnh Đức,709
70915074,Xã Phước Thạnh,709
70915075,Xã Truông Mít,709
70907076,Xã Lộc Ninh,709
70907077,Xã Cầu Khởi,709
70907078,Xã Dương Minh Châu,709
70905079,Xã Tân Đông,709
70905080,Xã Tân Châu,709
70905081,Xã Tân Phú,709
70905082,Xã Tân Hội,709
70905083,Xã Tân Thành,709
70905084,Xã Tân Hoà,709
70903085,Xã Tân Lập,709
70903086,Xã Tân Biên,709
70903087,Xã Thạnh Bình,709
70903088,Xã Trà Vong,709
70909089,Xã Phước Vinh,709
70909090,Xã Hoà Hội,709
70909091,Xã Ninh Điền,709
70909092,Xã Châu Thành,709
70909093,Xã Hảo Đước,709
70913094,Xã Long Chữ,709
70913095,Xã Long Thuận,709
70913096,Xã Bến Cầu,709
71301001,Phường Biên Hoà,713
71301002,Phường Trấn Biên,713
71301003,Phường Tam Hiệp,713
71301004,Phường Long Bình,713
71301005,Phường Trảng Dài,713
71301006,Phường Hố Nai,713
71301007,Phường Long Hưng,713
71317008,Xã Đại Phước,713
71317009,Xã Nhơn Trạch,713
71317010,Xã Phước An,713
71315011,Xã Phước Thái,713
71315012,Xã Long Phước,713
71315013,Xã Bình An,713
71315014,Xã Long Thành,713
71315015,Xã An Phước,713
71308016,Xã An Viễn,713
71308017,Xã Bình Minh,713
71308018,Xã Trảng Bom,713
71308019,Xã Bàu Hàm,713
71308020,Xã Hưng Thịnh,713
71309021,Xã Dầu Giây,713
71309022,Xã Gia Kiệm,713
71305023,Xã Thống Nhất,713
71302024,Phường Bình Lộc,713
71302025,Phường Bảo Vinh,713
71302026,Phường Xuân Lập,713
71302027,Phường Long Khánh,713
71302028,Phường Hàng Gòn,713
71311029,Xã Xuân Quế,713
71311030,Xã Xuân Đường,713
71311031,Xã Cẩm Mỹ,713
71311032,Xã Sông Ray,713
71311033,Xã Xuân Đông,713
71313034,Xã Xuân Định,713
71313035,Xã Xuân Phú,713
71313036,Xã Xuân Lộc,713
71313037,Xã Xuân Hoà,713
71313038,Xã Xuân Thành,713
71313039,Xã Xuân Bắc,713
71305040,Xã La Ngà,713
71305041,Xã Định Quán,713
71305042,Xã Phú Vinh,713
71305043,Xã Phú Hoà,713
71303044,Xã Tà Lài,713
71303045,Xã Nam Cát Tiên,713
71303046,Xã Tân Phú,713
71303047,Xã Phú Lâm,713
71307048,Xã Trị An,713
71307049,Xã Tân An,713
71307050,Phường Tân Triều,713
70710051,Phường Minh Hưng,713
70710052,Phường Chơn Thành,713
70710053,Xã Nha Bích,713
70713054,Xã Tân Quan,713
70713055,Xã Tân Hưng,713
70713056,Xã Tân Khai,713
70713057,Xã Minh Đức,713
70709058,Phường Bình Long,713
70709059,Phường An Lộc,713
70705060,Xã Lộc Thành,713
70705061,Xã Lộc Ninh,713
70705062,Xã Lộc Hưng,713
70705063,Xã Lộc Tấn,713
70705064,Xã Lộc Thạnh,713
70705065,Xã Lộc Quang,713
70706066,Xã Tân Tiến,713
70706067,Xã Thiện Hưng,713
70706068,Xã Hưng Phước,713
70715069,Xã Phú Nghĩa,713
70715070,Xã Đa Kia,713
70703071,Phường Phước Bình,713
70703072,Phường Phước Long,713
70716073,Xã Bình Tân,713
70716074,Xã Long Hà,713
70716075,Xã Phú Riềng,713
70716076,Xã Phú Trung,713
70711077,Phường Đồng Xoài,713
70711078,Phường Bình Phước,713
70701079,Xã Thuận Lợi,713
70701080,Xã Đồng Tâm,713
70701081,Xã Tân Lợi,713
70701082,Xã Đồng Phú,713
70707083,Xã Phước Sơn,713
70707084,Xã Nghĩa Trung,713
70707085,Xã Bù Đăng,713
70707086,Xã Thọ Sơn,713
70707087,Xã Đak Nhau,713
70707088,Xã Bom Bo,713
71301089,Phường Tam Phước,713
71301090,Phường Phước Tân,713
71305091,Xã Thanh Sơn,713
71303092,Xã Đak Lua,713
71307093,Xã Phú Lý,713
70715094,Xã Bù Gia Mập,713
70715095,Xã Đăk Ơ,713
71701001,Phường Vũng Tàu,701
71701002,Phường Tam Thắng,701
71701003,Phường Rạch Dừa,701
71701004,Phường Phước Thắng,701
71703005,Phường Bà Rịa,701
71703006,Phường Long Hương,701
71709007,Phường Phú Mỹ,701
71703008,Phường Tam Long,701
71709009,Phường Tân Thành,701
71709010,Phường Tân Phước,701
71709011,Phường Tân Hải,701
71709012,Xã Châu Pha,701
71705013,Xã Ngãi Giao,701
71705014,Xã Bình Giã,701
71705015,Xã Kim Long,701
71705016,Xã Châu Đức,701
71705017,Xã Xuân Sơn,701
71705018,Xã Nghĩa Thành,701
71707019,Xã Hồ Tràm,701
71707020,Xã Xuyên Mộc,701
71707021,Xã Hòa Hội,701
71707022,Xã Bàu Lâm,701
71712023,Xã Phước Hải,701
71712024,Xã Long Hải,701
71712025,Xã Đất Đỏ,701
71712026,Xã Long Điền,701
71713027,Đặc khu Côn Đảo,701
71109028,Phường Đông Hoà,701
71109029,Phường Dĩ An,701
71109030,Phường Tân Đông Hiệp,701
71107031,Phường Thuận An,701
71107032,Phường Thuận Giao,701
71107033,Phường Bình Hoà,701
71107034,Phường Lái Thiêu,701
71107035,Phường An Phú,701
71101036,Phường Bình Dương,701
71101037,Phường Chánh Hiệp,701
71101038,Phường Thủ Dầu Một,701
71101039,Phường Phú Lợi,701
71105040,Phường Vĩnh Tân,701
71105041,Phường Bình Cơ,701
71105042,Phường Tân Uyên,701
71105043,Phường Tân Hiệp,701
71105044,Phường Tân Khánh,701
71103045,Phường Hoà Lợi,701
71101046,Phường Phú An,701
71113047,Phường Tây Nam,701
71115048,Phường Long Nguyên,701
71115049,Phường Bến Cát,701
71115050,Phường Chánh Phú Hoà,701
71117051,Xã Bắc Tân Uyên,701
71117052,Xã Thường Tân,701
71111053,Xã An Long,701
71111054,Xã Phước Thành,701
71111055,Xã Phước Hoà,701
71111056,Xã Phú Giáo,701
71115057,Xã Trừ Văn Thố,701
71115058,Xã Bàu Bàng,701
71113059,Xã Minh Thạnh,701
71113060,Xã Long Hoà,701
71113061,Xã Dầu Tiếng,701
71113062,Xã Thanh An,701
70101063,Phường Sài Gòn,701
70101064,Phường Tân Định,701
70101065,Phường Bến Thành,701
70101066,Phường Cầu Ông Lãnh,701
70105067,Phường Bàn Cờ,701
70105068,Phường Xuân Hoà,701
70105069,Phường Nhiêu Lộc,701
70107070,Phường Xóm Chiếu,701
70107071,Phường Khánh Hội,701
70107072,Phường Vĩnh Hội,701
70109073,Phường Chợ Quán,701
70109074,Phường An Đông,701
70109075,Phường Chợ Lớn,701
70111076,Phường Bình Tây,701
70111077,Phường Bình Tiên,701
70111078,Phường Bình Phú,701
70111079,Phường Phú Lâm,701
70113080,Phường Tân Thuận,701
70113081,Phường Phú Thuận,701
70113082,Phường Tân Mỹ,701
70113083,Phường Tân Hưng,701
70115084,Phường Chánh Hưng,701
70115085,Phường Phú Định,701
70115086,Phường Bình Đông,701
70119087,Phường Diên Hồng,701
70119088,Phường Vườn Lài,701
70119089,Phường Hoà Hưng,701
70121090,Phường Minh Phụng,701
70121091,Phường Bình Thới,701
70121092,Phường Hoà Bình,701
70121093,Phường Phú Thọ,701
70123094,Phường Đông Hưng Thuận,701
70123095,Phường Trung Mỹ Tây,701
70123096,Phường Tân Thới Hiệp,701
70123097,Phường Thới An,701
70123098,Phường An Phú Đông,701
70134099,Phường An Lạc,701
70134100,Phường Tân Tạo,701
70134101,Phường Bình Tân,701
70134102,Phường Bình Trị Đông,701
70134103,Phường Bình Hưng Hoà,701
70129104,Phường Gia Định,701
70129105,Phường Bình Thạnh,701
70129106,Phường Bình Lợi Trung,701
70129107,Phường Thạnh Mỹ Tây,701
70129108,Phường Bình Quới,701
70125109,Phường Hạnh Thông,701
70125110,Phường An Nhơn,701
70125111,Phường Gò Vấp,701
70125112,Phường An Hội Đông,701
70125113,Phường Thông Tây Hội,701
70125114,Phường An Hội Tây,701
70131115,Phường Đức Nhuận,701
70131116,Phường Cầu Kiệu,701
70131117,Phường Phú Nhuận,701
70127118,Phường Tân Sơn Hoà,701
70127119,Phường Tân Sơn Nhất,701
70127120,Phường Tân Hoà,701
70127121,Phường Bảy Hiền,701
70127122,Phường Tân Bình,701
70127123,Phường Tân Sơn,701
70128124,Phường Tây Thạnh,701
70128125,Phường Tân Sơn Nhì,701
70128126,Phường Phú Thọ Hoà,701
70128127,Phường Tân Phú,701
70128128,Phường Phú Thạnh,701
70145129,Phường Hiệp Bình,701
70145130,Phường Thủ Đức,701
70145131,Phường Tam Bình,701
70145132,Phường Linh Xuân,701
70145133,Phường Tăng Nhơn Phú,701
70145134,Phường Long Bình,701
70145135,Phường Long Phước,701
70145136,Phường Long Trường,701
70145137,Phường Cát Lái,701
70145138,Phường Bình Trưng,701
70145139,Phường Phước Long,701
70145140,Phường An Khánh,701
70139141,Xã Vĩnh Lộc,701
70139142,Xã Tân Vĩnh Lộc,701
70139143,Xã Bình Lợi,701
70139144,Xã Tân Nhựt,701
70139145,Xã Bình Chánh,701
70139146,Xã Hưng Long,701
70139147,Xã Bình Hưng,701
70143148,Xã Bình Khánh,701
70143149,Xã An Thới Đông,701
70143150,Xã Cần Giờ,701
70135151,Xã Củ Chi,701
70135152,Xã Tân An Hội,701
70135153,Xã Thái Mỹ,701
70135154,Xã An Nhơn Tây,701
70135155,Xã Nhuận Đức,701
70135156,Xã Phú Hoà Đông,701
70135157,Xã Bình Mỹ,701
70137158,Xã Đông Thạnh,701
70137159,Xã Hóc Môn,701
70137160,Xã Xuân Thới Sơn,701
70137161,Xã Bà Điểm,701
70141162,Xã Nhà Bè,701
70141163,Xã Hiệp Phước,701
71701164,Xã Long Sơn,701
71707165,Xã Hòa Hiệp,701
71707166,Xã Bình Châu,701
71103167,Phường Thới Hoà,701
70143168,Xã Thạnh An,701
81701037,Phường Trà Vinh,809
80905001,Xã Cái Nhum,809
81701036,Phường Long Đức,809
80905002,Xã Tân Long Hội,809
81701038,Phường Nguyệt Hóa,809
80905003,Xã Nhơn Phú,809
81701039,Phường Hòa Thuận,809
80905004,Xã Bình Phước,809
81703042,Xã Càng Long,809
80903005,Xã An Bình,809
81703040,Xã An Trường,809
80903006,Xã Long Hồ,809
81703041,Xã Tân An,809
80903007,Xã Phú Quới,809
81703043,Xã Nhị Long,809
80901008,Phường Thanh Đức,809
81703044,Xã Bình Phú,809
80901009,Phường Long Châu,809
81705046,Xã Châu Thành,809
80901010,Phường Phước Hậu,809
81705045,Xã Song Lộc,809
80901011,Phường Tân Hạnh,809
81705047,Xã Hưng Mỹ,809
80901012,Phường Tân Ngãi,809
81705048,Xã Hòa Minh,809
80913013,Xã Quới Thiện,809
81705049,Xã Long Hòa,809
80913014,Xã Trung Thành,809
81707050,Xã Cầu Kè,809
80913015,Xã Trung Ngãi,809
81707051,Xã Phong Thạnh,809
80913016,Xã Quới An,809
81707052,Xã An Phú Tân,809
80913017,Xã Trung Hiệp,809
81707053,Xã Tam Ngãi,809
80913018,Xã Hiếu Phụng,809
81709056,Xã Tiểu Cần,809
80913019,Xã Hiếu Thành,809
81709054,Xã Tân Hòa,809
80911020,Xã Lục Sỹ Thành,809
81709055,Xã Hùng Hòa,809
80911021,Xã Trà Ôn,809
81709057,Xã Tập Ngãi,809
80911022,Xã Trà Côn,809
81711060,Xã Cầu Ngang,809
80911023,Xã Vĩnh Xuân,809
81711058,Xã Mỹ Long,809
80911024,Xã Hòa Bình,809
81711059,Xã Vinh Kim,809
80909025,Xã Hòa Hiệp,809
81711061,Xã Nhị Trường,809
80909026,Xã Tam Bình,809
81711062,Xã Hiệp Mỹ,809
80909027,Xã Ngãi Tứ,809
81713066,Xã Trà Cú,809
80909028,Xã Song Phú,809
81713063,Xã Lưu Nghiệp Anh,809
80909029,Xã Cái Ngang,809
81713064,Xã Đại An,809
80908030,Xã Tân Quới,809
81713065,Xã Hàm Giang,809
80908031,Xã Tân Lược,809
81713067,Xã Long Hiệp,809
80908032,Xã Mỹ Thuận,809
81713068,Xã Tập Sơn,809
80907033,Phường Bình Minh,809
81716069,Phường Duyên Hải,809
80907034,Phường Cái Vồn,809
81716070,Phường Trường Long Hòa,809
80907035,Phường Đông Thành,809
81716071,Xã Long Hữu,809
81715072,Xã Long Thành,809
81715073,Xã Đông Hải,809
81715074,Xã Long Vĩnh,809
81715075,Xã Đôn Châu,809
81715076,Xã Ngũ Lạc,809
81101077,Phường An Hội,809
81101078,Phường Phú Khương,809
81101079,Phường Bến Tre,809
81101080,Phường Sơn Đông,809
81103081,Phường Phú Tân,809
81103082,Xã Phú Túc,809
81103083,Xã Giao Long,809
81103084,Xã Tiên Thủy,809
81103085,Xã Tân Phú,809
81105086,Xã Phú Phụng,809
81105087,Xã Chợ Lách,809
81105088,Xã Vĩnh Thành,809
81105089,Xã Hưng Khánh Trung,809
81108090,Xã Phước Mỹ Trung,809
81108091,Xã Tân Thành Bình,809
81108092,Xã Nhuận Phú Tân,809
81107093,Xã Đồng Khởi,809
81107094,Xã Mỏ Cày,809
81107095,Xã Thành Thới,809
81107096,Xã An Định,809
81107097,Xã Hương Mỹ,809
81115098,Xã Đại Điền,809
81115099,Xã Quới Điền,809
81115100,Xã Thạnh Phú,809
81115101,Xã An Qui,809
81115102,Xã Thạnh Hải,809
81115103,Xã Thạnh Phong,809
81113104,Xã Tân Thủy,809
81113105,Xã Bảo Thạnh,809
81113106,Xã Ba Tri,809
81113107,Xã Tân Xuân,809
81113108,Xã Mỹ Chánh Hòa,809
81113109,Xã An Ngãi Trung,809
81113110,Xã An Hiệp,809
81109111,Xã Hưng Nhượng,809
81109112,Xã Giồng Trôm,809
81109113,Xã Tân Hào,809
81109114,Xã Phước Long,809
81109115,Xã Lương Phú,809
81109116,Xã Châu Hòa,809
81109117,Xã Lương Hòa,809
81111118,Xã Thới Thuận,809
81111119,Xã Thạnh Phước,809
81111120,Xã Bình Đại,809
81111121,Xã Thạnh Trị,809
81111122,Xã Lộc Thuận,809
81111123,Xã Châu Hưng,809
81111124,Xã Phú Thuận,809
80701001,Phường Mỹ Tho,803
80701002,Phường Đạo Thạnh,803
80701003,Phường Mỹ Phong,803
80701004,Phường Thới Sơn,803
80701005,Phường Trung An,803
80703006,Phường Gò Công,803
80703007,Phường Long Thuận,803
80703008,Phường Sơn Qui,803
80703009,Phường Bình Xuân,803
80721010,Phường Mỹ Phước Tây,803
80721011,Phường Thanh Hoà,803
80721012,Phường Cai Lậy,803
80721013,Phường Nhị Quý,803
80721014,Xã Tân Phú,803
80713015,Xã Thanh Hưng,803
80713016,Xã An Hữu,803
80713017,Xã Mỹ Lợi,803
80713018,Xã Mỹ Đức Tây,803
80713019,Xã Mỹ Thiện,803
80713020,Xã Hậu Mỹ,803
80713021,Xã Hội Cư,803
80713022,Xã Cái Bè,803
80709023,Xã Bình Phú,803
80709024,Xã Hiệp Đức,803
80709025,Xã Ngũ Hiệp,803
80709026,Xã Long Tiên,803
80709027,Xã Mỹ Thành,803
80709028,Xã Thạnh Phú,803
80705029,Xã Tân Phước 1,803
80705030,Xã Tân Phước 2,803
80705031,Xã Tân Phước 3,803
80705032,Xã Hưng Thạnh,803
80707033,Xã Tân Hương,803
80707034,Xã Châu Thành,803
80707035,Xã Long Hưng,803
80707036,Xã Long Định,803
80707037,Xã Vĩnh Kim,803
80707038,Xã Kim Sơn,803
80707039,Xã Bình Trưng,803
80711040,Xã Mỹ Tịnh An,803
80711041,Xã Lương Hoà Lạc,803
80711042,Xã Tân Thuận Bình,803
80711043,Xã Chợ Gạo,803
80711044,Xã An Thạnh Thủy,803
80711045,Xã Bình Ninh,803
80715046,Xã Vĩnh Bình,803
80715047,Xã Đồng Sơn,803
80715048,Xã Phú Thành,803
80715049,Xã Long Bình,803
80715050,Xã Vĩnh Hựu,803
80717051,Xã Gò Công Đông,803
80717052,Xã Tân Điền,803
80717053,Xã Tân Hoà,803
80717054,Xã Tân Đông,803
80717055,Xã Gia Thuận,803
80719056,Xã Tân Thới,803
80719057,Xã Tân Phú Đông,803
80305058,Xã Tân Hồng,803
80305059,Xã Tân Thành,803
80305060,Xã Tân Hộ Cơ,803
80305061,Xã An Phước,803
80323062,Phường An Bình,803
80323063,Phường Hồng Ngự,803
80307064,Phường Thường Lạc,803
80307065,Xã Thường Phước,803
80307066,Xã Long Khánh,803
80307067,Xã Long Phú Thuận,803
80309068,Xã An Hoà,803
80309069,Xã Tam Nông,803
80309070,Xã Phú Thọ,803
80309071,Xã Tràm Chim,803
80309072,Xã Phú Cường,803
80309073,Xã An Long,803
80311074,Xã Thanh Bình,803
80311075,Xã Tân Thạnh,803
80311076,Xã Bình Thành,803
80311077,Xã Tân Long,803
80313078,Xã Tháp Mười,803
80313079,Xã Thanh Mỹ,803
80313080,Xã Mỹ Quí,803
80313081,Xã Đốc Binh Kiều,803
80313082,Xã Trường Xuân,803
80313083,Xã Phương Thịnh,803
80315084,Xã Phong Mỹ,803
80315085,Xã Ba Sao,803
80315086,Xã Mỹ Thọ,803
80315087,Xã Bình Hàng Trung,803
80315088,Xã Mỹ Hiệp,803
80301089,Phường Cao Lãnh,803
80301090,Phường Mỹ Ngãi,803
80301091,Phường Mỹ Trà,803
80317092,Xã Mỹ An Hưng,803
80317093,Xã Tân Khánh Trung,803
80317094,Xã Lấp Vò,803
80319095,Xã Lai Vung,803
80319096,Xã Hoà Long,803
80319097,Xã Phong Hoà,803
80303098,Phường Sa Đéc,803
80319099,Xã Tân Dương,803
80321100,Xã Phú Hựu,803
80321101,Xã Tân Nhuận Đông,803
80321102,Xã Tân Phú Trung,803
80501001,Xã Mỹ Hoà Hưng,805
80501002,Phường Long Xuyên,805
80501003,Phường Bình Đức,805
80501004,Phường Mỹ Thới,805
80503005,Phường Châu Đốc,805
80503006,Phường Vĩnh Tế,805
80505007,Xã An Phú,805
80505008,Xã Vĩnh Hậu,805
80505009,Xã Nhơn Hội,805
80505010,Xã Khánh Bình,805
80505011,Xã Phú Hữu,805
80507012,Xã Tân An,805
80507013,Xã Châu Phong,805
80507014,Xã Vĩnh Xương,805
80507015,Phường Tân Châu,805
80507016,Phường Long Phú,805
80509017,Xã Phú Tân,805
80509018,Xã Phú An,805
80509019,Xã Bình Thạnh Đông,805
80509020,Xã Chợ Vàm,805
80509021,Xã Hoà Lạc,805
80509022,Xã Phú Lâm,805
80511023,Xã Châu Phú,805
80511024,Xã Mỹ Đức,805
80511025,Xã Vĩnh Thạnh Trung,805
80511026,Xã Bình Mỹ,805
80511027,Xã Thạnh Mỹ Tây,805
80513028,Xã An Cư,805
80513029,Xã Núi Cấm,805
80513030,Phường Tịnh Biên,805
80513031,Phường Thới Sơn,805
80513032,Phường Chi Lăng,805
80515033,Xã Ba Chúc,805
80515034,Xã Tri Tôn,805
80515035,Xã Ô Lâm,805
80515036,Xã Cô Tô,805
80515037,Xã Vĩnh Gia,805
80519038,Xã An Châu,805
80519039,Xã Bình Hoà,805
80519040,Xã Cần Đăng,805
80519041,Xã Vĩnh Hanh,805
80519042,Xã Vĩnh An,805
80517043,Xã Chợ Mới,805
80517044,Xã Cù Lao Giêng,805
80517045,Xã Hội An,805
80517046,Xã Long Điền,805
80517047,Xã Nhơn Mỹ,805
80517048,Xã Long Kiến,805
80521049,Xã Thoại Sơn,805
80521050,Xã Óc Eo,805
80521051,Xã Định Mỹ,805
80521052,Xã Phú Hoà,805
80521053,Xã Vĩnh Trạch,805
80521054,Xã Tây Phú,805
81319055,Xã Vĩnh Bình,805
81319056,Xã Vĩnh Thuận,805
81319057,Xã Vĩnh Phong,805
81327058,Xã Vĩnh Hoà,805
81327059,Xã U Minh Thượng,805
81317060,Xã Đông Hoà,805
81317061,Xã Tân Thạnh,805
81317062,Xã Đông Hưng,805
81317063,Xã An Minh,805
81317064,Xã Vân Khánh,805
81315065,Xã Tây Yên,805
81315066,Xã Đông Thái,805
81315067,Xã An Biên,805
81313068,Xã Định Hoà,805
81313069,Xã Gò Quao,805
81313070,Xã Vĩnh Hoà Hưng,805
81313071,Xã Vĩnh Tuy,805
81311072,Xã Giồng Riềng,805
81311073,Xã Thạnh Hưng,805
81311074,Xã Long Thạnh,805
81311075,Xã Hoà Hưng,805
81311076,Xã Ngọc Chúc,805
81311077,Xã Hoà Thuận,805
81307078,Xã Tân Hội,805
81307079,Xã Tân Hiệp,805
81307080,Xã Thạnh Đông,805
81309081,Xã Thạnh Lộc,805
81309082,Xã Châu Thành,805
81309083,Xã Bình An,805
81305084,Xã Hòn Đất,805
81305085,Xã Sơn Kiên,805
81305086,Xã Mỹ Thuận,805
81305087,Xã Bình Sơn,805
81305088,Xã Bình Giang,805
81304089,Xã Giang Thành,805
81304090,Xã Vĩnh Điều,805
81303091,Xã Hoà Điền,805
81303092,Xã Kiên Lương,805
81303093,Xã Sơn Hải,805
81303094,Xã Hòn Nghệ,805
81323095,Đặc khu Kiên Hải,805
81301096,Phường Vĩnh Thông,805
81301097,Phường Rạch Giá,805
81325098,Phường Hà Tiên,805
81325099,Phường Tô Châu,805
81325100,Xã Tiên Hải,805
81321101,Đặc khu Phú Quốc,805
81321102,Đặc khu Thổ Châu,805
81519001,Phường Ninh Kiều,815
81519002,Phường Cái Khế,815
81519003,Phường Tân An,815
81519004,Phường An Bình,815
81521005,Phường Thới An Đông,815
81521006,Phường Bình Thủy,815
81521007,Phường Long Tuyền,815
81523008,Phường Cái Răng,815
81523009,Phường Hưng Phú,815
81505010,Phường Ô Môn,815
81505011,Phường Thới Long,815
81505012,Phường Phước Thới,815
81503013,Phường Trung Nhứt,815
81503014,Phường Thốt Nốt,815
81503015,Phường Thuận Hưng,815
81503016,Phường Tân Lộc,815
81529017,Xã Phong Điền,815
81529018,Xã Nhơn Ái,815
81529019,Xã Trường Long,815
81531020,Xã Thới Lai,815
81531021,Xã Đông Thuận,815
81531022,Xã Trường Xuân,815
81531023,Xã Trường Thành,815
81527024,Xã Cờ Đỏ,815
81527025,Xã Đông Hiệp,815
81527026,Xã Thạnh Phú,815
81527027,Xã Thới Hưng,815
81527028,Xã Trung Hưng,815
81525029,Xã Vĩnh Thạnh,815
81525030,Xã Vĩnh Trinh,815
81525031,Xã Thạnh An,815
81525032,Xã Thạnh Quới,815
81601033,Xã Hỏa Lựu,815
81601034,Phường Vị Thanh,815
81601035,Phường Vị Tân,815
81609036,Xã Vị Thủy,815
81609037,Xã Vĩnh Thuận Đông,815
81609038,Xã Vị Thanh 1,815
81609039,Xã Vĩnh Tường,815
81611040,Xã Vĩnh Viễn,815
81611041,Xã Xà Phiên,815
81611042,Xã Lương Tâm,815
81612043,Phường Long Bình,815
81612044,Phường Long Mỹ,815
81612045,Phường Long Phú 1,815
81603046,Xã Thạnh Xuân,815
81603047,Xã Tân Hoà,815
81603048,Xã Trường Long Tây,815
81605049,Xã Châu Thành,815
81605050,Xã Đông Phước,815
81605051,Xã Phú Hữu,815
81607052,Phường Đại Thành,815
81607053,Phường Ngã Bảy,815
81608054,Xã Tân Bình,815
81608055,Xã Hoà An,815
81608056,Xã Phương Bình,815
81608057,Xã Tân Phước Hưng,815
81608058,Xã Hiệp Hưng,815
81608059,Xã Phụng Hiệp,815
81608060,Xã Thạnh Hoà,815
81901061,Phường Phú Lợi,815
81901062,Phường Sóc Trăng,815
81901063,Phường Mỹ Xuyên,815
81909064,Xã Hoà Tú,815
81909065,Xã Gia Hoà,815
81909066,Xã Nhu Gia,815
81909067,Xã Ngọc Tố,815
81905068,Xã Trường Khánh,815
81905069,Xã Đại Ngãi,815
81905070,Xã Tân Thạnh,815
81905071,Xã Long Phú,815
81903072,Xã Nhơn Mỹ,815
81903073,Xã Phong Nẫm,815
81903074,Xã An Lạc Thôn,815
81903075,Xã Kế Sách,815
81903076,Xã Thới An Hội,815
81903077,Xã Đại Hải,815
81915078,Xã Phú Tâm,815
81915079,Xã An Ninh,815
81915080,Xã Thuận Hoà,815
81915081,Xã Hồ Đắc Kiện,815
81907082,Xã Mỹ Tú,815
81907083,Xã Long Hưng,815
81907084,Xã Mỹ Phước,815
81907085,Xã Mỹ Hương,815
81913086,Xã Vĩnh Hải,815
81913087,Xã Lai Hoà,815
81913088,Phường Vĩnh Phước,815
81913089,Phường Vĩnh Châu,815
81913090,Phường Khánh Hoà,815
81912091,Xã Tân Long,815
81912092,Phường Ngã Năm,815
81912093,Phường Mỹ Quới,815
81911094,Xã Phú Lộc,815
81911095,Xã Vĩnh Lợi,815
81911096,Xã Lâm Tân,815
81917097,Xã Thạnh Thới An,815
81917098,Xã Tài Văn,815
81917099,Xã Liêu Tú,815
81917100,Xã Lịch Hội Thượng,815
81917101,Xã Trần Đề,815
81906102,Xã An Thạnh,815
81906103,Xã Cù Lao Dung,815
82301001,Phường An Xuyên,823
82301002,Phường Lý Văn Lâm,823
82301003,Phường Tân Thành,823
82301004,Phường Hòa Thành,823
82311005,Xã Tân Thuận,823
82311006,Xã Tân Tiến,823
82311007,Xã Tạ An Khương,823
82311008,Xã Trần Phán,823
82311009,Xã Thanh Tùng,823
82311010,Xã Đầm Dơi,823
82311011,Xã Quách Phẩm,823
82305012,Xã U Minh,823
82305013,Xã Nguyễn Phích,823
82305014,Xã Khánh Lâm,823
82305015,Xã Khánh An,823
82313016,Xã Phan Ngọc Hiển,823
82313017,Xã Đất Mũi,823
82313018,Xã Tân Ân,823
82307019,Xã Khánh Bình,823
82307020,Xã Đá Bạc,823
82307021,Xã Khánh Hưng,823
82307022,Xã Sông Đốc,823
82307023,Xã Trần Văn Thời,823
82303024,Xã Thới Bình,823
82303025,Xã Trí Phải,823
82303026,Xã Tân Lộc,823
82303027,Xã Hồ Thị Kỷ,823
82303028,Xã Biển Bạch,823
82312029,Xã Đất Mới,823
82312030,Xã Năm Căn,823
82312031,Xã Tam Giang,823
82308032,Xã Cái Đôi Vàm,823
82308033,Xã Nguyễn Việt Khái,823
82308034,Xã Phú Tân,823
82308035,Xã Phú Mỹ,823
82309036,Xã Lương Thế Trân,823
82309037,Xã Tân Hưng,823
82309038,Xã Hưng Mỹ,823
82309039,Xã Cái Nước,823
82101040,Phường Bạc Liêu,823
82101041,Phường Vĩnh Trạch,823
82101042,Phường Hiệp Thành,823
82107043,Phường Giá Rai,823
82107044,Phường Láng Tròn,823
82107045,Xã Phong Thạnh,823
82103046,Xã Hồng Dân,823
82103047,Xã Vĩnh Lộc,823
82103048,Xã Ninh Thạnh Lợi,823
82103049,Xã Ninh Quới,823
82111050,Xã Gành Hào,823
82111051,Xã Định Thành,823
82111052,Xã An Trạch,823
82111053,Xã Long Điền,823
82111054,Xã Đông Hải,823
82106055,Xã Hoà Bình,823
82106056,Xã Vĩnh Mỹ,823
82106057,Xã Vĩnh Hậu,823
82109058,Xã Phước Long,823
82109059,Xã Vĩnh Phước,823
82109060,Xã Phong Hiệp,823
82109061,Xã Vĩnh Thanh,823
82105062,Xã Vĩnh Lợi,823
82105063,Xã Hưng Hội,823
82105064,Xã Châu Thới,823
